code,name,city,prov,nation,lat,lon,risk
1013A,市监测中心(停运150702),天津市,天津市,中国,39.097,117.151,1
1014A,南口路(停运161122),天津市,天津市,中国,39.173,117.193,0
1015A,勤俭道,天津市,天津市,中国,39.1661,117.1444,0
1016A,南京路(停运160601),天津市,天津市,中国,39.1205,117.184,1
1017A,大直沽八号路,天津市,天津市,中国,39.1082,117.237,0
1018A,前进道,天津市,天津市,中国,39.0927,117.202,0
1019A,淮河道,天津市,天津市,中国,39.2133,117.1837,1
1020A,天山路(停运150702),天津市,天津市,中国,39.1337,117.269,1
1021A,跃进路,天津市,天津市,中国,39.0877,117.307,0
1022A,梅江小区(停运150702),天津市,天津市,中国,39.06,117.221,0
1023A,第四大街,天津市,天津市,中国,39.0343,117.707,0
1024A,永明路,天津市,天津市,中国,38.8394,117.457,1
1025A,航天路(停运170426),天津市,天津市,中国,39.124,117.401,0
1026A,汉北路,天津市,天津市,中国,39.1587,117.764,0
1027A,团泊洼(对照点),天津市,天津市,中国,38.9194,117.157,1
1028A,化工学校(停运150703),石家庄市,河北省,中国,38.0549,114.5637,0
1029A,职工医院,石家庄市,河北省,中国,38.0444,114.4422,2
1030A,高新区,石家庄市,河北省,中国,38.0266,114.6063,2
1031A,西北水源,石家庄市,河北省,中国,38.1328,114.4898,2
1032A,西南高教,石家庄市,河北省,中国,38.0058,114.4586,1
1033A,世纪公园,石家庄市,河北省,中国,38.0178,114.5331,1
1034A,人民会堂,石家庄市,河北省,中国,38.0457,114.509,2
1035A,封龙山(对照点),石家庄市,河北省,中国,37.8911,114.3524,1
1036A,供销社(停运200110),唐山市,河北省,中国,39.6308,118.1662,1
1037A,雷达站,唐山市,河北省,中国,39.6363,118.131,2
1038A,物资局,唐山市,河北省,中国,39.6334,118.1725,2
1039A,陶瓷公司(停运200109),唐山市,河北省,中国,39.6679,118.2185,1
1040A,十二中,唐山市,河北省,中国,39.6506,118.1705,2
1041A,小山,唐山市,河北省,中国,39.622,118.1869,2
1042A,北戴河环保局,秦皇岛市,河北省,中国,39.8207,119.5134,2
1043A,第一关,秦皇岛市,河北省,中国,40.0116,119.7493,2
1044A,监测站,秦皇岛市,河北省,中国,39.9499,119.5897,2
1045A,市政府,秦皇岛市,河北省,中国,39.9358,119.607,1
1046A,建设大厦,秦皇岛市,河北省,中国,39.9041,119.5251,4
1047A,环保局,邯郸市,河北省,中国,36.61763,114.5129,1
1048A,东污水处理厂,邯郸市,河北省,中国,36.6116,114.5302,2
1049A,矿院,邯郸市,河北省,中国,36.5713,114.4918,2
1050A,丛台公园,邯郸市,河北省,中国,36.6133,114.484,2
1051A,游泳馆,保定市,河北省,中国,38.8632,115.493,1
1052A,华电二区,保定市,河北省,中国,38.8959,115.5213,1
1053A,接待中心,保定市,河北省,中国,38.9108,115.4713,1
1054A,地表水厂,保定市,河北省,中国,38.8416,115.4612,1
1055A,胶片厂,保定市,河北省,中国,38.8697,115.4323,1
1056A,监测站,保定市,河北省,中国,38.8639,115.5086,2
1057A,人民公园,张家口市,河北省,中国,40.8336,114.8883,2
1058A,探机厂,张家口市,河北省,中国,40.79481,114.892,1
1059A,五金库,张家口市,河北省,中国,40.8042,114.8687,2
1060A,世纪豪园,张家口市,河北省,中国,40.762,114.8902,2
1061A,北泵房(对照点),张家口市,河北省,中国,40.8661,114.8916,1
1062A,铁路,承德市,河北省,中国,40.9081,117.9531,2
1063A,中国银行,承德市,河北省,中国,40.9763,117.9392,2
1064A,开发区,承德市,河北省,中国,40.928,117.9503,2
1065A,文化中心,承德市,河北省,中国,40.9655,117.8051,2
1066A,离宫(对照点),承德市,河北省,中国,41.0026,117.9268,1
1067A,药材公司,廊坊市,河北省,中国,39.5111,116.6708,2
1068A,开发区,廊坊市,河北省,中国,39.5589,116.7214,6
1069A,环境监测监理中心,廊坊市,河北省,中国,39.5571,116.715,1
1070A,北华航天学院,廊坊市,河北省,中国,39.5269,116.7244,3
1071A,沧县城建局,沧州市,河北省,中国,38.2991,116.8842,1
1072A,电视转播站,沧州市,河北省,中国,38.3254,116.8584,1
1073A,市环保局,沧州市,河北省,中国,38.3228,116.8709,1
1074A,电机北厂,衡水市,河北省,中国,37.7541,115.6838,2
1075A,市监测站,衡水市,河北省,中国,37.7316,115.6303,2
1076A,市环保局,衡水市,河北省,中国,37.739,115.6906,1
1077A,达活泉,邢台市,河北省,中国,37.0886,114.4704,2
1078A,邢师高专,邢台市,河北省,中国,37.0349,114.5062,2
1079A,路桥公司,邢台市,河北省,中国,37.0851,114.5237,2
1080A,市环保局,邢台市,河北省,中国,37.0719,114.4725,2
1081A,尖草坪,太原市,山西省,中国,37.8873,112.5139,1
1082A,涧河,太原市,山西省,中国,37.9103,112.573,1
1083A,上兰(对照点),太原市,山西省,中国,38.0108,112.434,1
1084A,晋源,太原市,山西省,中国,37.7124,112.469,1
1085A,小店,太原市,山西省,中国,37.7394,112.5583,1
1086A,桃园,太原市,山西省,中国,37.8692,112.5369,1
1087A,坞城,太原市,山西省,中国,37.8195,112.57,1
1088A,南寨,太原市,山西省,中国,37.9854,112.549,1
1089A,金胜,太原市,山西省,中国,37.782,112.4701,1
1090A,呼市一监,呼和浩特市,内蒙古自治区,中国,40.7517,111.6507,1
1091A,小召,呼和浩特市,内蒙古自治区,中国,40.8033,111.6572,1
1092A,兴松小区(停运200113),呼和浩特市,内蒙古自治区,中国,40.8452,111.659,1
1093A,糖厂(停运200113),呼和浩特市,内蒙古自治区,中国,40.8144,111.608,1
1094A,如意水处理厂,呼和浩特市,内蒙古自治区,中国,40.8369,111.7516,1
1095A,二十九中,呼和浩特市,内蒙古自治区,中国,40.8062,111.7276,1
1096A,工大金川校区,呼和浩特市,内蒙古自治区,中国,40.7866,111.5512,1
1097A,化肥厂生活区,呼和浩特市,内蒙古自治区,中国,40.7612,111.717,1
1098A,森林路(对照点),沈阳市,辽宁省,中国,41.9339,123.6836,0
1099A,浑南东路,沈阳市,辽宁省,中国,41.7406,123.505,4
1100A,新秀街,沈阳市,辽宁省,中国,41.6989,123.4231,2
1101A,沧海路,沈阳市,辽宁省,中国,41.7694,123.284,0
1102A,东陵路,沈阳市,辽宁省,中国,41.8411,123.5903,5
1103A,陵东街,沈阳市,辽宁省,中国,41.8467,123.4264,0
1104A,文化路,沈阳市,辽宁省,中国,41.7653,123.4114,0
1105A,小河沿,沈阳市,辽宁省,中国,41.7867,123.4678,2
1106A,太原街,沈阳市,辽宁省,中国,41.7972,123.4017,1
1107A,南十东路,沈阳市,辽宁省,中国,41.7806,123.3606,0
1108A,京沈街,沈阳市,辽宁省,中国,41.9228,123.3783,0
1109A,甘井子,大连市,辽宁省,中国,38.9741,121.612,1
1110A,周水子,大连市,辽宁省,中国,38.9511,121.565,1
1111A,星海三站,大连市,辽宁省,中国,38.8845,121.5637,1
1112A,青泥洼桥,大连市,辽宁省,中国,38.9117,121.6302,1
1113A,傅家庄,大连市,辽宁省,中国,38.8638,121.6251,1
1114A,七贤岭,大连市,辽宁省,中国,38.8661,121.5213,1
1115A,旅顺,大连市,辽宁省,中国,38.8061,121.2529,1
1116A,金州,大连市,辽宁省,中国,39.1311,121.7485,1
1117A,开发区,大连市,辽宁省,中国,39.0496,121.7811,1
1118A,双D港,大连市,辽宁省,中国,39.0631,121.9762,1
1119A,食品厂,长春市,吉林省,中国,43.9166,125.3325,1
1120A,客车厂,长春市,吉林省,中国,43.9027,125.2863,1
1121A,邮电学院,长春市,吉林省,中国,43.8463,125.2841,1
1122A,劳动公园,长春市,吉林省,中国,43.8772,125.3716,1
1123A,园林处,长春市,吉林省,中国,43.8805,125.3297,2
1124A,净月潭,长春市,吉林省,中国,43.79,125.4605,1
1125A,甩湾子(对照点),长春市,吉林省,中国,43.515,125.7194,1
1126A,经开区环卫处,长春市,吉林省,中国,43.8447,125.3863,4
1127A,高新区管委会,长春市,吉林省,中国,43.7783,125.245,4
1128A,岱山公园,长春市,吉林省,中国,43.8325,125.1761,5
1129A,岭北(对照点),哈尔滨市,黑龙江省,中国,45.755,126.5422,1
1130A,松北商大,哈尔滨市,黑龙江省,中国,45.8167,126.561,1
1131A,阿城会宁,哈尔滨市,黑龙江省,中国,45.5419,126.979,1
1132A,南岗学府路,哈尔滨市,黑龙江省,中国,45.7222,126.599,1
1133A,太平宏伟公园,哈尔滨市,黑龙江省,中国,45.7733,126.689,1
1134A,道外承德广场,哈尔滨市,黑龙江省,中国,45.7667,126.635,1
1135A,香坊红旗大街,哈尔滨市,黑龙江省,中国,45.7319,126.685,1
1136A,动力和平路,哈尔滨市,黑龙江省,中国,45.7258,126.6411,1
1137A,道里建国路,哈尔滨市,黑龙江省,中国,45.7478,126.593,1
1138A,平房东轻厂,哈尔滨市,黑龙江省,中国,45.61,126.615,1
1139A,呼兰师专,哈尔滨市,黑龙江省,中国,45.9855,126.595,2
1140A,省农科院,哈尔滨市,黑龙江省,中国,45.6842,126.6206,1
1141A,普陀,上海市,上海市,中国,31.238,121.4,1
1142A,十五厂,上海市,上海市,中国,31.2036,121.478,1
1143A,虹口,上海市,上海市,中国,31.3008,121.467,1
1144A,徐汇上师大,上海市,上海市,中国,31.1654,121.412,1
1145A,杨浦四漂,上海市,上海市,中国,31.2659,121.536,1
1146A,青浦淀山湖(对照点),上海市,上海市,中国,31.0935,120.978,1
1147A,静安监测站,上海市,上海市,中国,31.2261,121.425,1
1148A,浦东川沙,上海市,上海市,中国,31.1907,121.703,1
1149A,浦东新区监测站,上海市,上海市,中国,31.2284,121.533,1
1150A,浦东张江,上海市,上海市,中国,31.2071,121.577,1
1151A,迈皋桥,南京市,江苏省,中国,32.1065,118.8086,1
1152A,草场门,南京市,江苏省,中国,32.0551,118.7538,1
1153A,山西路,南京市,江苏省,中国,32.0745,118.7794,1
1154A,中华门,南京市,江苏省,中国,32.0023,118.7752,2
1155A,瑞金路,南京市,江苏省,中国,32.0309,118.8109,1
1156A,玄武湖,南京市,江苏省,中国,32.0754,118.7997,1
1157A,浦口,南京市,江苏省,中国,32.0931,118.6414,2
1158A,奥体中心,南京市,江苏省,中国,31.9996,118.7356,1
1159A,仙林大学城,南京市,江苏省,中国,32.1028,118.9125,1
1160A,上方山(对照点),苏州市,江苏省,中国,31.2472,120.561,1
1161A,南门,苏州市,江苏省,中国,31.2864,120.628,1
1162A,彩香,苏州市,江苏省,中国,31.3019,120.591,1
1163A,轧钢厂,苏州市,江苏省,中国,31.3264,120.596,1
1164A,吴中区,苏州市,江苏省,中国,31.2703,120.613,1
1165A,苏州新区,苏州市,江苏省,中国,31.2994,120.543,1
1166A,苏州工业园区,苏州市,江苏省,中国,31.3097,120.669,1
1167A,相城区,苏州市,江苏省,中国,31.3708,120.641,1
1168A,狼山街道,南通市,江苏省,中国,31.9663,120.9098,1
1169A,虹桥,南通市,江苏省,中国,32.0005,120.86,1
1170A,城中,南通市,江苏省,中国,32.02,120.87,1
1171A,星湖花园,南通市,江苏省,中国,31.93,120.94,1
1172A,紫琅学院,南通市,江苏省,中国,32.0417,120.81,1
1173A,市环境监测站,连云港市,江苏省,中国,34.5885,119.176,1
1174A,洪门派出所,连云港市,江苏省,中国,34.5896,119.141,1
1175A,墟沟核电专家村,连云港市,江苏省,中国,34.7507,119.368,1
1176A,开发区恒瑞医药公司,连云港市,江苏省,中国,34.6984,119.348,1
1177A,黄河新村,徐州市,江苏省,中国,34.2761,117.179,2
1178A,淮塔,徐州市,江苏省,中国,34.2384,117.1918,1
1179A,铜山兽医院,徐州市,江苏省,中国,34.3083,117.192,1
1180A,新城区,徐州市,江苏省,中国,34.2153,117.256,1
1181A,桃园路,徐州市,江苏省,中国,34.2911,117.244,1
1182A,农科院,徐州市,江苏省,中国,34.2778,117.2933,1
1183A,铜山区环保局,徐州市,江苏省,中国,34.1806,117.166,1
1184A,城东财政所(停运180626),扬州市,江苏省,中国,32.3878,119.46,1
1185A,市监测站,扬州市,江苏省,中国,32.41,119.404,1
1186A,邗江监测站,扬州市,江苏省,中国,32.3761,119.389,1
1187A,第四医院(停运161107),扬州市,江苏省,中国,32.4033,119.439,1
1188A,雪浪,无锡市,江苏省,中国,31.4867,120.269,0
1189A,黄巷,无锡市,江苏省,中国,31.6219,120.275,0
1190A,曹张,无锡市,江苏省,中国,31.56,120.294,1
1191A,漆塘,无锡市,江苏省,中国,31.5031,120.242,1
1192A,东亭,无锡市,江苏省,中国,31.5863,120.3489,1
1193A,旺庄,无锡市,江苏省,中国,31.5475,120.354,1
1194A,荣巷,无锡市,江苏省,中国,31.5631,120.245,0
1195A,堰桥,无锡市,江苏省,中国,31.6817,120.299,2
1196A,市监测站,常州市,江苏省,中国,31.762,119.9633,4
1197A,城建学校(停运161026),常州市,江苏省,中国,31.7786,119.933,1
1198A,常工院(停运161026),常州市,江苏省,中国,31.8089,119.962,1
1199A,潞城(停运161026),常州市,江苏省,中国,31.7638,120.0393,1
1200A,武进监测站,常州市,江苏省,中国,31.7069,119.9468,2
1201A,安家,常州市,江苏省,中国,31.9087,119.9255,2
1202A,环境监测站,镇江市,江苏省,中国,32.1693,119.4923,12
1203A,新区办事处,镇江市,江苏省,中国,32.1875,119.6707,1
1204A,职教中心,镇江市,江苏省,中国,32.1968,119.4974,2
1205A,丹徒区监测站,镇江市,江苏省,中国,32.1328,119.4303,1
1206A,公园路,泰州市,江苏省,中国,32.4878,119.905,1
1207A,莲花,泰州市,江苏省,中国,32.4625,119.9189,1
1208A,高港区政府,泰州市,江苏省,中国,32.303,119.882,1
1209A,留学生创业园,泰州市,江苏省,中国,32.4639,119.888,1
1210A,钵池山,淮安市,江苏省,中国,33.5981,119.036,1
1211A,北京南路,淮安市,江苏省,中国,33.575,119.007,1
1212A,市监测站,淮安市,江苏省,中国,33.6067,118.989,1
1213A,楚州区监测站,淮安市,江苏省,中国,33.5039,119.135,1
1214A,淮阴区监测站,淮安市,江苏省,中国,33.6297,119.0186,1
1215A,盐城电厂,盐城市,江苏省,中国,33.4022,120.118,1
1216A,市监测站,盐城市,江苏省,中国,33.3942,120.156,1
1217A,文峰中学,盐城市,江苏省,中国,33.3719,120.129,1
1218A,开发区管委会,盐城市,江苏省,中国,33.38,120.2144,2
1219A,市监测站(停运161107),宿迁市,江苏省,中国,33.96,118.2658,1
1220A,宿迁学院,宿迁市,江苏省,中国,33.9528,118.293,1
1221A,宿迁中学,宿迁市,江苏省,中国,33.9592,118.2442,1
1222A,宿豫区环保局,宿迁市,江苏省,中国,33.9506,118.3214,1
1223A,滨江,杭州市,浙江省,中国,30.2111,120.2072,1
1224A,西溪,杭州市,浙江省,中国,30.2747,120.0633,1
1225A,千岛湖(对照点),杭州市,浙江省,中国,29.635,119.026,1
1226A,下沙,杭州市,浙江省,中国,30.3153,120.3461,1
1227A,卧龙桥,杭州市,浙江省,中国,30.2456,120.1269,1
1228A,浙江农大,杭州市,浙江省,中国,30.2692,120.1903,1
1229A,朝晖五区,杭州市,浙江省,中国,30.2897,120.157,1
1230A,和睦小学,杭州市,浙江省,中国,30.3119,120.1197,1
1231A,临平镇,杭州市,浙江省,中国,30.4183,120.3019,1
1232A,城厢镇,杭州市,浙江省,中国,30.1819,120.2697,1
1233A,云栖,杭州市,浙江省,中国,30.1808,120.0883,1
1234A,区环保大楼,宁波市,浙江省,中国,29.911,121.8358,1
1235A,万里学院,宁波市,浙江省,中国,29.82,121.56,1
1236A,龙赛医院,宁波市,浙江省,中国,29.9572,121.713,1
1237A,三江中学,宁波市,浙江省,中国,29.8906,121.554,1
1238A,市政管理站,宁波市,浙江省,中国,29.9017,121.615,1
1239A,钱湖水厂,宁波市,浙江省,中国,29.7733,121.633,1
1240A,太古小学,宁波市,浙江省,中国,29.8635,121.5856,1
1241A,市环境监测中心,宁波市,浙江省,中国,29.8674,121.524,2
1242A,瓯海,温州市,浙江省,中国,28.0089,120.634,1
1243A,南浦,温州市,浙江省,中国,27.9939,120.6748,1
1244A,龙湾,温州市,浙江省,中国,27.9747,120.76,1
1245A,市站,温州市,浙江省,中国,28.0167,120.6709,1
1246A,袍江站,绍兴市,浙江省,中国,30.0911,120.598,1
1247A,城东开发委,绍兴市,浙江省,中国,29.9928,120.6053,1
1248A,市环保站,绍兴市,浙江省,中国,30.007,120.576,1
1249A,城北水厂,湖州市,浙江省,中国,30.8867,120.1,1
1250A,城西水厂,湖州市,浙江省,中国,30.8669,120.0751,5
1251A,吉山新村,湖州市,浙江省,中国,30.8617,120.093,1
1252A,清河小学,嘉兴市,浙江省,中国,30.778,120.7436,2
1253A,嘉兴学院,嘉兴市,浙江省,中国,30.7478,120.726,1
1254A,监测站,嘉兴市,浙江省,中国,30.7541,120.7674,12
1255A,黄岩环保大楼,台州市,浙江省,中国,28.6459,121.273,1
1256A,台州环保大楼,台州市,浙江省,中国,28.6542,121.419,1
1257A,路桥田洋王,台州市,浙江省,中国,28.5773,121.377,1
1258A,定海檀枫,舟山市,浙江省,中国,30.0203,122.122,1
1259A,普陀东港,舟山市,浙江省,中国,29.9558,122.3094,1
1260A,临城新区,舟山市,浙江省,中国,29.9944,122.19,1
1261A,四中(停运161031),金华市,浙江省,中国,29.1131,119.649,1
1262A,十五中,金华市,浙江省,中国,29.077,119.647,1
1263A,监测站,金华市,浙江省,中国,29.1029,119.686,1
1264A,环保大楼,衢州市,浙江省,中国,28.9398,118.8692,1
1265A,实验学校,衢州市,浙江省,中国,28.9666,118.8709,1
1266A,衢州学院,衢州市,浙江省,中国,28.9808,118.8621,1
1267A,监测站大楼,丽水市,浙江省,中国,28.4514,119.914,1
1268A,莲都小学,丽水市,浙江省,中国,28.4586,119.93,1
1269A,余庄前,丽水市,浙江省,中国,28.4231,119.879,1
1270A,明珠广场,合肥市,安徽省,中国,31.7848,117.1959,1
1271A,三里街,合肥市,安徽省,中国,31.8764,117.3072,1
1272A,琥珀山庄,合肥市,安徽省,中国,31.8707,117.2588,1
1273A,董铺水库(对照点),合肥市,安徽省,中国,31.9052,117.1604,1
1274A,长江中路,合肥市,安徽省,中国,31.8571,117.25,1
1275A,庐阳区,合肥市,安徽省,中国,31.9436,117.266,1
1276A,瑶海区,合肥市,安徽省,中国,31.8586,117.336,1
1277A,包河区,合肥市,安徽省,中国,31.7964,117.3027,1
1278A,滨湖新区,合肥市,安徽省,中国,31.7385,117.2776,1
1279A,高新区,合肥市,安徽省,中国,31.8403,117.1318,2
1280A,鼓山(对照点),福州市,福建省,中国,26.0543,119.3903,1
1281A,快安,福州市,福建省,中国,26.0258,119.414,1
1282A,师大,福州市,福建省,中国,26.0504,119.2681,4
1283A,五四北路,福州市,福建省,中国,26.1028,119.2984,1
1284A,杨桥西路,福州市,福建省,中国,26.0768,119.2648,1
1285A,紫阳,福州市,福建省,中国,26.0746,119.317,1
1286A,溪东(对照点),厦门市,福建省,中国,24.8169,118.1608,1
1287A,洪文,厦门市,福建省,中国,24.4767,118.1514,1
1288A,鼓浪屿,厦门市,福建省,中国,24.4444,118.0661,1
1289A,湖里,厦门市,福建省,中国,24.5118,118.1458,12
1290A,省外办,南昌市,江西省,中国,28.6843,115.8931,1
1291A,省林业公司,南昌市,江西省,中国,28.7003,115.8886,2
1292A,林科所,南昌市,江西省,中国,28.7442,115.8126,1
1293A,京东镇政府(停运200108),南昌市,江西省,中国,28.6969,115.973,1
1294A,建工学校,南昌市,江西省,中国,28.687,115.8518,1
1295A,象湖,南昌市,江西省,中国,28.6424,115.8921,1
1296A,武术学校(对照点),南昌市,江西省,中国,28.7996,115.7423,1
1297A,石化(停运170322),南昌市,江西省,中国,28.6131,115.912,1
1298A,省站,南昌市,江西省,中国,28.6842,115.9314,1
1299A,科干所,济南市,山东省,中国,36.6114,116.9862,1
1300A,农科所,济南市,山东省,中国,36.665,116.9376,1
1301A,开发区,济南市,山东省,中国,36.6734,117.1265,2
1302A,济南化工厂,济南市,山东省,中国,36.6872,116.989,1
1303A,省种子仓库,济南市,山东省,中国,36.6868,117.0624,1
1304A,机床二厂,济南市,山东省,中国,36.6447,116.9489,1
1305A,市监测站,济南市,山东省,中国,36.663,117.0495,1
1306A,长清党校,济南市,山东省,中国,36.5484,116.7675,4
1307A,仰口(对照点),青岛市,山东省,中国,36.2403,120.6659,1
1308A,李沧区子站,青岛市,山东省,中国,36.1851,120.3905,1
1309A,市北区子站,青岛市,山东省,中国,36.0699,120.3471,1
1310A,市南区东部子站,青岛市,山东省,中国,36.0658,120.4134,1
1311A,四方区子站,青岛市,山东省,中国,36.1032,120.3664,1
1312A,市南区西部子站,青岛市,山东省,中国,36.054,120.2994,1
1313A,崂山区子站,青岛市,山东省,中国,36.0858,120.4581,1
1314A,黄岛区子站,青岛市,山东省,中国,35.9608,120.1983,11
1315A,城阳区子站,青岛市,山东省,中国,36.3083,120.3999,7
1316A,烟厂,郑州市,河南省,中国,34.76122,113.69031,1
1317A,郑纺机,郑州市,河南省,中国,34.77134,113.65724,2
1318A,银行学校,郑州市,河南省,中国,34.80246,113.67526,1
1319A,供水公司,郑州市,河南省,中国,34.81334,113.56746,2
1320A,经开区管委,郑州市,河南省,中国,34.7178,113.7329,1
1321A,四十七中,郑州市,河南省,中国,34.77172,113.73961,6
1322A,市监测站,郑州市,河南省,中国,34.74838,113.60532,1
1323A,河医大,郑州市,河南省,中国,34.7525,113.64164,1
1324A,岗李水库(对照点),郑州市,河南省,中国,34.91089,113.51488,10
1325A,东湖梨园,武汉市,湖北省,中国,30.5584,114.3677,2
1326A,汉阳月湖,武汉市,湖北省,中国,30.558,114.2529,1
1327A,汉口花桥,武汉市,湖北省,中国,30.6189,114.282,1
1328A,武昌紫阳,武汉市,湖北省,中国,30.5332,114.3025,2
1329A,青山钢花,武汉市,湖北省,中国,30.6217,114.3646,7
1330A,沌口新区,武汉市,湖北省,中国,30.4825,114.1566,1
1331A,汉口江滩,武汉市,湖北省,中国,30.5944,114.3014,1
1332A,东湖高新,武汉市,湖北省,中国,30.4822,114.3894,1
1333A,吴家山,武汉市,湖北省,中国,30.6319,114.135,8
1334A,沉湖七壕(对照点),武汉市,湖北省,中国,30.2917,113.8454,1
1335A,经开区环保局,长沙市,湖南省,中国,28.2325,113.0833,1
1336A,高开区环保局,长沙市,湖南省,中国,28.2189,112.8872,1
1337A,马坡岭,长沙市,湖南省,中国,28.2053,113.0792,1
1338A,湖南师范大学,长沙市,湖南省,中国,28.19,112.9394,1
1339A,雨花区环保局,长沙市,湖南省,中国,28.1322,113.0178,3
1340A,伍家岭,长沙市,湖南省,中国,28.2597,112.9792,1
1341A,火车新站,长沙市,湖南省,中国,28.1944,113.0014,1
1342A,天心区环保局,长沙市,湖南省,中国,28.1178,112.9844,1
1343A,湖南中医药大学,长沙市,湖南省,中国,28.1308,112.8908,1
1344A,沙坪(对照点),长沙市,湖南省,中国,28.3611,112.9581,1
1345A,广雅中学,广州市,广东省,中国,23.1423,113.2347,1
1346A,市五中,广州市,广东省,中国,23.105,113.2612,1
1347A,天河职幼,广州市,广东省,中国,23.1457,113.3143,12
1348A,广东商学院,广州市,广东省,中国,23.0916,113.3478,1
1349A,市八十六中,广州市,广东省,中国,23.1047,113.4332,1
1350A,番禺中学,广州市,广东省,中国,22.9483,113.3505,1
1351A,花都师范,广州市,广东省,中国,23.3916,113.2146,1
1352A,市监测站,广州市,广东省,中国,23.1331,113.2597,1
1353A,九龙镇镇龙,广州市,广东省,中国,23.312,113.5618,4
1354A,麓湖,广州市,广东省,中国,23.1544,113.2765,1
1355A,帽峰山森林公园(对照点),广州市,广东省,中国,23.3035,113.443,1
1356A,通心岭子站,深圳市,广东省,中国,22.5545,114.1063,2
1357A,洪湖,深圳市,广东省,中国,22.5625,114.117,1
1358A,华侨城,深圳市,广东省,中国,22.5417,113.987,1
1359A,南海子站,深圳市,广东省,中国,22.5171,113.9181,1
1360A,盐田,深圳市,广东省,中国,22.5689,114.2458,3
1361A,龙岗,深圳市,广东省,中国,22.7244,114.2283,2
1362A,西乡,深圳市,广东省,中国,22.5861,113.8953,1
1363A,南澳,深圳市,广东省,中国,22.5422,114.494,1
1364A,葵涌,深圳市,广东省,中国,22.6342,114.41,1
1365A,梅沙,深圳市,广东省,中国,22.5978,114.297,1
1366A,观澜,深圳市,广东省,中国,22.738,114.0678,2
1367A,吉大,珠海市,广东省,中国,22.2618,113.5814,1
1368A,前山,珠海市,广东省,中国,22.2335,113.4881,1
1369A,唐家,珠海市,广东省,中国,22.4251,113.628,1
1370A,斗门,珠海市,广东省,中国,22.2281,113.299,1
1371A,湾梁,佛山市,广东省,中国,23.0067,113.1294,1
1372A,华材职中,佛山市,广东省,中国,23.0478,113.1083,1
1373A,南海气象局,佛山市,广东省,中国,23.0453,113.144,1
1374A,顺德苏岗,佛山市,广东省,中国,22.8094,113.2881,1
1375A,容桂街道办,佛山市,广东省,中国,22.7642,113.2544,1
1376A,高明孔堂,佛山市,广东省,中国,22.8678,112.8383,1
1377A,三水监测站,佛山市,广东省,中国,23.1588,112.8836,1
1378A,三水云东海,佛山市,广东省,中国,23.185,112.867,1
1379A,华柏园,中山市,广东省,中国,22.5211,113.3769,1
1380A,张溪,中山市,广东省,中国,22.5497,113.3881,1
1381A,紫马岭,中山市,广东省,中国,22.5111,113.4075,1
1382A,长江旅游区(对照点),中山市,广东省,中国,22.4853,113.4411,1
1383A,北街,江门市,广东省,中国,22.6058,113.1064,1
1384A,西区,江门市,广东省,中国,22.5835,113.0731,1
1385A,圭峰西,江门市,广东省,中国,22.5311,113.0219,1
1386A,东湖,江门市,广东省,中国,22.5947,113.0828,1
1387A,东城主山,东莞市,广东省,中国,23.0457,113.7875,0
1388A,南城元岭,东莞市,广东省,中国,23.0202,113.7533,1
1389A,莞城梨川,东莞市,广东省,中国,23.0494,113.7547,2
1390A,东城石井,东莞市,广东省,中国,23.0128,113.7944,1
1391A,南城西平,东莞市,广东省,中国,22.9658,113.7383,1
1392A,河南岸金山湖子站,惠州市,广东省,中国,23.0528,114.4183,1
1393A,下埔横江三路子站,惠州市,广东省,中国,23.0822,114.4053,1
1394A,江北云山西路子站,惠州市,广东省,中国,23.1142,114.4103,1
1395A,惠阳区承修路船湖子站,惠州市,广东省,中国,22.7833,114.4645,11
1396A,大亚湾管委会子站,惠州市,广东省,中国,22.7422,114.5317,1
1397A,睦岗子站,肇庆市,广东省,中国,23.0706,112.4267,1
1398A,城中子站,肇庆市,广东省,中国,23.0475,112.4645,1
1399A,坑口子站,肇庆市,广东省,中国,23.1522,112.5544,2
1400A,七星岩子站(对照点),肇庆市,广东省,中国,23.1,112.4753,1
1401A,二十一中,南宁市,广西壮族自治区,中国,22.7881,108.3103,1
1402A,北湖,南宁市,广西壮族自治区,中国,22.8528,108.3141,1
1403A,市监测站,南宁市,广西壮族自治区,中国,22.8225,108.3206,1
1404A,大自然花园,南宁市,广西壮族自治区,中国,22.8037,108.3829,1
1405A,仙葫(对照点),南宁市,广西壮族自治区,中国,22.7904,108.4394,1
1406A,区农职院,南宁市,广西壮族自治区,中国,22.8467,108.2397,1
1408A,沙井镇街道办,南宁市,广西壮族自治区,中国,22.7757,108.2257,2
1407A,英华嘉园,南宁市,广西壮族自治区,中国,22.735,108.3275,1
1409A,东寨港(对照点),海口市,海南省,中国,19.9507,110.576,1
1410A,海南大学,海口市,海南省,中国,20.0574,110.3232,1
1411A,秀英海南医院,海口市,海南省,中国,20.0053,110.283,1
1412A,海南师范大学,海口市,海南省,中国,19.9969,110.338,1
1413A,龙华路环保局宿舍,海口市,海南省,中国,20.0356,110.33,1
1414A,缙云山(对照点),重庆市,重庆市,中国,29.8279,106.3787,1
1415A,高家花园(停运161118),重庆市,重庆市,中国,29.5736,106.46,1
1416A,天生,重庆市,重庆市,中国,29.8253,106.4213,1
1417A,两路,重庆市,重庆市,中国,29.7228,106.6263,1
1418A,虎溪,重庆市,重庆市,中国,29.5983,106.2953,1
1419A,南坪,重庆市,重庆市,中国,29.5102,106.5777,4
1420A,唐家沱,重庆市,重庆市,中国,29.6277,106.6556,1
1421A,茶园,重庆市,重庆市,中国,29.4906,106.6349,1
1422A,白市驿,重庆市,重庆市,中国,29.4572,106.3754,3
1423A,解放碑(停运170928),重庆市,重庆市,中国,29.5642,106.571,1
1424A,杨家坪(停运161118),重庆市,重庆市,中国,29.5164,106.512,1
1425A,空港,重庆市,重庆市,中国,29.7166,106.6205,1
1426A,新山村,重庆市,重庆市,中国,29.4875,106.4782,2
1427A,礼嘉,重庆市,重庆市,中国,29.6453,106.5616,1
1429A,鱼新街,重庆市,重庆市,中国,29.3917,106.5093,1
1428A,蔡家,重庆市,重庆市,中国,29.7091,106.4522,1
1430A,南泉(停运161119),重庆市,重庆市,中国,29.4272,106.591,1
1431A,金泉两河,成都市,四川省,中国,30.7236,103.9728,1
1432A,十里店,成都市,四川省,中国,30.6764,104.1419,4
1433A,三瓦窑,成都市,四川省,中国,30.5767,104.0594,2
1434A,沙河铺,成都市,四川省,中国,30.6306,104.1122,1
1435A,梁家巷,成都市,四川省,中国,30.685,104.074,1
1436A,草堂寺（已停运）,成都市,四川省,中国,30.6544,104.026,1
1437A,君平街,成都市,四川省,中国,30.6556,104.0431,2
1438A,灵岩寺(对照点),成都市,四川省,中国,31.0201,103.6202,1
1439A,马鞍山,贵阳市,贵州省,中国,26.5998,106.6899,1
1440A,市环保站,贵阳市,贵州省,中国,26.5694,106.6971,1
1441A,鉴湖路,贵阳市,贵州省,中国,26.6266,106.6243,0
1442A,燕子冲,贵阳市,贵州省,中国,26.6343,106.7487,0
1443A,碧云窝,贵阳市,贵州省,中国,26.4365,106.6555,0
1444A,中院村,贵阳市,贵州省,中国,26.5161,106.694,0
1445A,红边门,贵阳市,贵州省,中国,26.6027,106.7109,0
1446A,新华路,贵阳市,贵州省,中国,26.5699,106.7164,0
1447A,太慈桥,贵阳市,贵州省,中国,26.5424,106.674,2
1552A,桐木岭(对照点),贵阳市,贵州省,中国,26.3003,106.805,1
1449A,关上,昆明市,云南省,中国,25.0124,102.743,1
1450A,呈贡新区,昆明市,云南省,中国,24.8886,102.8204,1
1451A,西山森林公园(对照点),昆明市,云南省,中国,24.9608,102.6251,1
1452A,龙泉镇,昆明市,云南省,中国,25.0902,102.7252,1
1453A,东风东路,昆明市,云南省,中国,25.0375,102.7266,1
1454A,金鼎山,昆明市,云南省,中国,25.0669,102.6742,1
1455A,碧鸡广场,昆明市,云南省,中国,25.0401,102.6644,3
1456A,八廓街,西藏自治区,西藏自治区,中国,29.6514,91.1319,1
1457A,市环保局,西藏自治区,西藏自治区,中国,29.6747,91.1221,1
1458A,区监测站,西藏自治区,西藏自治区,中国,29.6475,91.0874,1
1459A,西藏大学,西藏自治区,西藏自治区,中国,29.6541,91.1774,1
1460A,区辐射站,西藏自治区,西藏自治区,中国,29.6588,90.9798,1
1461A,拉萨火车站,西藏自治区,西藏自治区,中国,29.6292,91.0834,1
1462A,高压开关厂,西安市,陕西省,中国,34.2749,108.882,1
1463A,兴庆小区,西安市,陕西省,中国,34.2629,108.993,1
1464A,纺织城,西安市,陕西省,中国,34.2572,109.06,1
1465A,小寨,西安市,陕西省,中国,34.2173,108.9356,2
1466A,市人民体育场,西安市,陕西省,中国,34.2713,108.954,1
1467A,高新西区,西安市,陕西省,中国,34.2322,108.8922,1
1468A,经开区,西安市,陕西省,中国,34.3474,108.935,1
1469A,长安区,西安市,陕西省,中国,34.1546,108.906,1
1470A,阎良区,西安市,陕西省,中国,34.6575,109.2,1
1471A,临潼区,西安市,陕西省,中国,34.3731,109.2186,1
1472A,草滩(对照点),西安市,陕西省,中国,34.378,108.869,1
1473A,曲江文化产业集团,西安市,陕西省,中国,34.1978,108.985,1
1474A,广运潭,西安市,陕西省,中国,34.3213,109.051,1
1475A,职工医院（20181115停运）,兰州市,甘肃省,中国,36.0812,103.7222,1
1476A,兰炼宾馆,兰州市,甘肃省,中国,36.1031,103.631,1
1477A,榆中兰大校区(对照点),兰州市,甘肃省,中国,35.9454,104.1373,2
1478A,生物制品所,兰州市,甘肃省,中国,36.0726,103.8412,1
1479A,铁路设计院,兰州市,甘肃省,中国,36.0464,103.831,1
1480A,市环境监测站,西宁市,青海省,中国,36.6428,101.748,1
1481A,省医药仓库,西宁市,青海省,中国,36.6922,101.749,1
1482A,四陆医院,西宁市,青海省,中国,36.5819,101.834,1
1483A,第五水厂(对照点),西宁市,青海省,中国,36.6867,101.524,1
1484A,贺兰山马莲口(对照点),银川市,宁夏回族自治区,中国,38.6016,105.9512,1
1486A,宁安大街(停运160615),银川市,宁夏回族自治区,中国,38.4536,106.217,1
1487A,宁化生活区(停运160703),银川市,宁夏回族自治区,中国,38.4858,106.0715,1
1488A,贺兰山东路,银川市,宁夏回族自治区,中国,38.4975,106.2328,1
1489A,学院路,银川市,宁夏回族自治区,中国,38.5036,106.1358,1
1485A,银湖巷(停运160703),银川市,宁夏回族自治区,中国,38.4744,106.2682,1
1490A,监测站,新疆维吾尔自治区,新疆维吾尔自治区,中国,43.8303,87.5801,1
1491A,收费所,新疆维吾尔自治区,新疆维吾尔自治区,中国,43.768,87.6046,1
1492A,新疆农科院农场(对照点),新疆维吾尔自治区,新疆维吾尔自治区,中国,43.9469,87.4754,1
1493A,铁路局,新疆维吾尔自治区,新疆维吾尔自治区,中国,43.8711,87.5525,1
1494A,三十一中学,新疆维吾尔自治区,新疆维吾尔自治区,中国,43.831,87.6432,1
1495A,七十四中学,新疆维吾尔自治区,新疆维吾尔自治区,中国,43.8729,87.4171,1
1496A,米东区环保局,新疆维吾尔自治区,新疆维吾尔自治区,中国,44.1747,87.7216,11
1001A,万寿西宫,北京市,北京市,中国,39.8784,116.3621,2
1002A,定陵(对照点),北京市,北京市,中国,40.2915,116.2202,1
1003A,东四,北京市,北京市,中国,39.9289,116.4174,3
1004A,天坛,北京市,北京市,中国,39.8863,116.4072,3
1005A,农展馆,北京市,北京市,中国,39.9365,116.462,4
1006A,官园,北京市,北京市,中国,39.9295,116.3392,3
1007A,海淀万柳,北京市,北京市,中国,39.9611,116.2878,1
1008A,顺义新城,北京市,北京市,中国,40.135,116.6636,6
1009A,怀柔镇,北京市,北京市,中国,40.3275,116.6275,7
1010A,昌平镇,北京市,北京市,中国,40.217,116.2296,3
1011A,奥体中心,北京市,北京市,中国,39.9821,116.3966,3
1012A,古城,北京市,北京市,中国,39.9136,116.184,5
1508A,板塘,湘潭市,湖南省,中国,27.8614,112.9433,1
1511A,市监测站,湘潭市,湖南省,中国,27.8403,112.9118,1
1512A,江麓,湘潭市,湖南省,中国,27.8728,112.8937,1
1513A,岳塘,湘潭市,湖南省,中国,27.8159,112.9227,1
1514A,科大,湘潭市,湖南省,中国,27.9119,112.9074,1
1562A,昭山,湘潭市,湖南省,中国,27.9153,113.0048,1
1564A,韶山(对照点),湘潭市,湖南省,中国,27.9164,112.4876,1
1515A,天台山庄,株洲市,湖南省,中国,27.8244,113.135,1
1518A,株冶医院,株洲市,湖南省,中国,27.8867,113.095,1
1519A,市四中,株洲市,湖南省,中国,27.8667,113.167,1
1520A,火车站,株洲市,湖南省,中国,27.8381,113.143,1
1524A,市监测站,株洲市,湖南省,中国,27.8528,113.13,1
1559A,大京风景区(对照点),株洲市,湖南省,中国,27.8336,113.251,1
2031A,云田中学,株洲市,湖南省,中国,27.9958,113.1817,1
1696A,源西(对照点),河源市,广东省,中国,23.7569,114.6778,0
1697A,东埔,河源市,广东省,中国,23.7586,114.6944,0
1698A,老城,河源市,广东省,中国,23.7233,114.6892,0
1702A,环保大楼(对照点),清远市,广东省,中国,23.691,113.0426,0
1703A,凤城街办,清远市,广东省,中国,23.7106,113.0208,1
1704A,高新区,清远市,广东省,中国,23.6272,113.0622,0
1598A,镜湖西路,营口市,辽宁省,中国,40.6511,122.215,0
1599A,西炮台,营口市,辽宁省,中国,40.6655,122.167,2
1596A,学府南路,营口市,辽宁省,中国,40.6592,122.2414,0
1597A,大庆路,营口市,辽宁省,中国,40.7094,122.2703,0
1600A,江湾东路,丹东市,辽宁省,中国,40.0625,124.3303,0
1601A,临江后街,丹东市,辽宁省,中国,40.1503,124.4256,0
1602A,元宝山,丹东市,辽宁省,中国,40.1461,124.3933,0
1603A,民主桥,丹东市,辽宁省,中国,40.1092,124.3633,2
1604A,开发区,盘锦市,辽宁省,中国,41.1489,122.0303,1
1605A,兴隆台,盘锦市,辽宁省,中国,41.0883,122.0485,1
1606A,新生街道,盘锦市,辽宁省,中国,41.1028,121.8297,0
1715A,东风水库,玉溪市,云南省,中国,24.3711,102.575,1
1716A,市监测站,玉溪市,云南省,中国,24.3603,102.5433,1
1717A,大营街镇,玉溪市,云南省,中国,24.3411,102.4964,1
1585A,市环境监测站,包头市,内蒙古自治区,中国,40.6532,109.8756,1
1586A,包百大楼(停用200107),包头市,内蒙古自治区,中国,40.6575,109.8104,1
1587A,包头八中,包头市,内蒙古自治区,中国,40.5842,109.9991,1
1588A,青山宾馆,包头市,内蒙古自治区,中国,40.6821,109.8538,1
1589A,惠龙物流,包头市,内蒙古自治区,中国,40.6288,109.8642,1
1590A,东河鸿龙湾,包头市,内蒙古自治区,中国,40.5546,110.0377,1
1591A,综合楼,鄂尔多斯市,内蒙古自治区,中国,39.8129,110.0023,1
1592A,巴音孟克林场办事处,鄂尔多斯市,内蒙古自治区,中国,39.8261,109.9486,1
1593A,康泽苑,鄂尔多斯市,内蒙古自治区,中国,39.5986,109.7736,1
1594A,华泰汽车城,鄂尔多斯市,内蒙古自治区,中国,39.5989,109.8119,1
1595A,奥林花园,鄂尔多斯市,内蒙古自治区,中国,39.7884,109.9734,1
1607A,龙港区,葫芦岛市,辽宁省,中国,40.7136,120.9092,0
1608A,化工街,葫芦岛市,辽宁省,中国,40.7514,120.8392,0
1609A,新区,葫芦岛市,辽宁省,中国,40.7073,120.8341,2
1610A,东城区,葫芦岛市,辽宁省,中国,40.7677,120.8695,0
1614A,清源山(对照点),泉州市,福建省,中国,24.9604,118.6117,1
1611A,涂山街,泉州市,福建省,中国,24.9117,118.5819,1
1612A,津头埔,泉州市,福建省,中国,24.8978,118.5972,1
1613A,万安,泉州市,福建省,中国,24.9424,118.6663,1
1615A,植物油厂(停运170603),济南市,山东省,中国,36.205,117.685,1
1616A,技术学院,济南市,山东省,中国,36.229,117.6795,1
1617A,日升国际,济南市,山东省,中国,36.2081,117.715,1
1623A,黑马集团,德州市,山东省,中国,37.4504,116.2729,1
1624A,监理站,德州市,山东省,中国,37.4451,116.2991,2
1622A,儿童乐园,德州市,山东省,中国,37.4674,116.3032,1
1625A,区政府,聊城市,山东省,中国,36.4372,115.9848,1
1627A,党校(20190222停运),聊城市,山东省,中国,36.4796,115.9835,1
1626A,二轻机（已停运）,聊城市,山东省,中国,36.4568,115.9968,1
1628A,市环保局,滨州市,山东省,中国,37.3803,118.0062,1
1629A,第二水厂,滨州市,山东省,中国,37.3617,118.0018,1
1630A,北中新校,滨州市,山东省,中国,37.393,117.9776,1
1618A,沂河小区,临沂市,山东省,中国,35.0532,118.3429,1
1619A,鲁南制药厂,临沂市,山东省,中国,35.0583,118.295,1
1620A,新光毛纺厂,临沂市,山东省,中国,34.9976,118.2794,2
1621A,河东保险公司,临沂市,山东省,中国,35.0888,118.3956,1
1638A,薛城环保局,枣庄市,山东省,中国,34.7837,117.2852,1
1639A,峄城区政府,枣庄市,山东省,中国,34.7745,117.5852,1
1640A,台儿庄区环保局,枣庄市,山东省,中国,34.5578,117.7276,1
1641A,山亭区环保局,枣庄市,山东省,中国,35.0992,117.4518,1
1637A,市中区政府,枣庄市,山东省,中国,34.8438,117.558,3
1642A,开发区,烟台市,山东省,中国,37.5639,121.2514,1
1643A,轴承厂,烟台市,山东省,中国,37.5433,121.3719,1
1644A,西郊化工站,烟台市,山东省,中国,37.5436,121.3181,1
1645A,莱山环保局,烟台市,山东省,中国,37.4822,121.4478,1
1646A,福山环保局,烟台市,山东省,中国,37.4967,121.2611,1
1647A,牟平环保局(停运170519),烟台市,山东省,中国,37.3872,121.5953,1
1631A,人民公园,淄博市,山东省,中国,36.8103,118.0414,1
1632A,东风化工厂,淄博市,山东省,中国,36.8406,118.0253,1
1633A,双山,淄博市,山东省,中国,36.4847,117.8525,2
1634A,气象站,淄博市,山东省,中国,36.6331,117.9592,1
1635A,莆田园,淄博市,山东省,中国,36.8194,118.3092,1
1636A,三金集团,淄博市,山东省,中国,36.805,117.8661,2
1651A,共达公司,潍坊市,山东省,中国,36.6572,119.1614,1
1652A,寒亭监测站,潍坊市,山东省,中国,36.7729,119.1936,1
1648A,仲裁委,潍坊市,山东省,中国,36.7019,119.12,1
1649A,刘家园,潍坊市,山东省,中国,36.7306,119.0919,1
1650A,环保局,潍坊市,山东省,中国,36.7023,119.1437,1
1653A,火炬城,济宁市,山东省,中国,35.4302,116.6251,1
1654A,监测站(停运200103),济宁市,山东省,中国,35.4144,116.5856,1
1655A,电化厂,济宁市,山东省,中国,35.4042,116.5491,1
1664A,市监测站,威海市,山东省,中国,37.5072,122.1067,1
1662A,华夏技校,威海市,山东省,中国,37.4236,122.1214,1
1663A,山大分校,威海市,山东省,中国,37.5236,122.0508,1
1665A,西城阳光环保公司,东营市,山东省,中国,37.4658,118.5019,1
1666A,市环保局,东营市,山东省,中国,37.4309,118.6614,1
1667A,耿井村(停运20201117),东营市,山东省,中国,37.4442,118.5857,1
1668A,广南水库(停运170301),东营市,山东省,中国,37.3781,118.8192,1
1674A,金平子站,汕头市,广东省,中国,23.3667,116.6794,1
1675A,龙湖子站,汕头市,广东省,中国,23.3633,116.7244,1
1678A,潮阳子站,汕头市,广东省,中国,23.2539,116.6092,1
1679A,潮南子站,汕头市,广东省,中国,23.2533,116.4069,1
1676A,濠江子站,汕头市,广东省,中国,23.2775,116.7258,1
1677A,澄海子站,汕头市,广东省,中国,23.4714,116.7519,1
1656A,监测站,泰安市,山东省,中国,36.1937,117.1437,1
1657A,人口学校,泰安市,山东省,中国,36.2017,117.0885,1
1658A,电力学校,泰安市,山东省,中国,36.1758,117.1089,1
1659A,监测站,日照市,山东省,中国,35.4209,119.471,1
1660A,市政府广场,日照市,山东省,中国,35.4216,119.523,1
1661A,港务局,日照市,山东省,中国,35.4044,119.5587,2
1722A,红旗广场(停运160601),大同市,山西省,中国,40.0958,113.2858,1
1723A,云冈宾馆,大同市,山西省,中国,40.0758,113.2994,1
1724A,大同大学,大同市,山西省,中国,40.0917,113.3444,1
1725A,安家小村,大同市,山西省,中国,40.1269,113.2661,1
1726A,教育学院,大同市,山西省,中国,40.0844,113.2711,1
1721A,果树场(对照点),大同市,山西省,中国,40.1097,113.3819,1
1738A,市中心,阳泉市,山西省,中国,37.8572,113.5758,1
1739A,赛鱼,阳泉市,山西省,中国,37.8731,113.4894,1
1740A,南庄,阳泉市,山西省,中国,37.8486,113.5819,2
1741A,白羊墅,阳泉市,山西省,中国,37.8531,113.6292,1
1742A,平坦,阳泉市,山西省,中国,37.8703,113.5614,1
1743A,大阳泉,阳泉市,山西省,中国,37.8392,113.5158,2
1735A,工商学校,临汾市,山西省,中国,36.0822,111.5169,1
1736A,市委,临汾市,山西省,中国,36.0855,111.5018,1
1737A,尧庙镇(停运191230),临汾市,山西省,中国,36.0417,111.4917,1
1732A,市监测站(停运161122),临汾市,山西省,中国,36.0978,111.5125,1
1733A,临钢医院,临汾市,山西省,中国,36.0783,111.5531,1
1734A,技工学校,临汾市,山西省,中国,36.0714,111.5028,1
1870A,柳东小学,柳州市,广西壮族自治区,中国,24.3895,109.4856,1
1871A,环保监测站,柳州市,广西壮族自治区,中国,24.3277,109.4157,1
1872A,河西水厂,柳州市,广西壮族自治区,中国,24.341,109.389,1
1873A,市四中,柳州市,广西壮族自治区,中国,24.2921,109.4311,1
1874A,市九中,柳州市,广西壮族自治区,中国,24.3631,109.4006,1
1875A,古亭山,柳州市,广西壮族自治区,中国,24.3134,109.4958,2
1727A,清华站,长治市,山西省,中国,36.1547,113.1147,1
1728A,监测站,长治市,山西省,中国,36.1989,113.1031,1
1729A,澳瑞特,长治市,山西省,中国,36.1961,113.1466,1
1730A,审计局,长治市,山西省,中国,36.2125,113.0886,1
1731A,长治八中,长治市,山西省,中国,36.1856,113.0844,1
1918A,气象站(对照点),咸阳市,陕西省,中国,34.3956,108.7197,1
1919A,实验中学,咸阳市,陕西省,中国,34.3155,108.673,1
1920A,师范学院,咸阳市,陕西省,中国,34.3617,108.7233,1
1921A,中医学院,咸阳市,陕西省,中国,34.3164,108.7369,1
1922A,党校(对照点),铜川市,陕西省,中国,35.0994,109.0656,1
1923A,王益区政府,铜川市,陕西省,中国,35.0697,109.0697,1
1924A,新区管委会,铜川市,陕西省,中国,34.9058,108.9344,1
1925A,新区兰芝公司,铜川市,陕西省,中国,34.8731,108.9589,1
1866A,牛尾岭水库(对照点),北海市,广西壮族自治区,中国,21.588,109.2262,1
1867A,海滩公园,北海市,广西壮族自治区,中国,21.4086,109.1436,1
1868A,新市环保局,北海市,广西壮族自治区,中国,21.4661,109.0981,1
1869A,北海工业园,北海市,广西壮族自治区,中国,21.5233,109.1778,1
1939A,日报社,渭南市,陕西省,中国,34.4877,109.4974,2
1940A,体育馆,渭南市,陕西省,中国,34.493,109.4636,1
1938A,农科所(对照点),渭南市,陕西省,中国,34.5101,109.5293,1
1941A,高新一小,渭南市,陕西省,中国,34.5023,109.4259,1
1926A,枣园(对照点),延安市,陕西省,中国,36.6275,109.4131,1
1927A,延大医附院,延安市,陕西省,中国,36.6028,109.4761,1
1928A,市监测站,延安市,陕西省,中国,36.5767,109.4824,1
1929A,百米大道,延安市,陕西省,中国,36.6106,109.5056,1
1931A,竹园沟,宝鸡市,陕西省,中国,34.3017,107.0708,1
1932A,三陆医院,宝鸡市,陕西省,中国,34.3672,107.1906,1
1933A,监测站,宝鸡市,陕西省,中国,34.3547,107.1431,1
1934A,技工学校,宝鸡市,陕西省,中国,34.3739,107.1186,1
1936A,文理学院,宝鸡市,陕西省,中国,34.3497,107.2058,1
1937A,三迪小学,宝鸡市,陕西省,中国,34.3622,107.2386,1
1930A,庙沟村(对照点),宝鸡市,陕西省,中国,34.3063,107.185,1
1935A,陈仓区环保局家属楼,宝鸡市,陕西省,中国,34.3528,107.3906,1
1669A,市八中,韶关市,广东省,中国,24.7733,113.5824,1
1670A,碧湖山庄,韶关市,广东省,中国,24.8082,113.5556,1
1671A,园林处,韶关市,广东省,中国,24.7972,113.5917,1
1672A,韶关学院,韶关市,广东省,中国,24.7791,113.6735,1
1673A,曲江监测站,韶关市,广东省,中国,24.6863,113.5971,1
1718A,气象局,菏泽市,山东省,中国,35.2464,115.4208,1
1719A,市政协,菏泽市,山东省,中国,35.2375,115.4747,1
1720A,菏泽学院,菏泽市,山东省,中国,35.27,115.455,1
1680A,湛江影剧院,湛江市,广东省,中国,21.2706,110.3539,1
1681A,市环境监测站,湛江市,广东省,中国,21.2228,110.3928,1
1682A,环保局宿舍,湛江市,广东省,中国,21.1997,110.4019,1
1683A,霞山游泳场,湛江市,广东省,中国,21.2028,110.4111,1
1684A,麻章区环保局,湛江市,广东省,中国,21.2679,110.3316,1
1685A,坡头区环保局,湛江市,广东省,中国,21.2567,110.4558,1
1686A,电白南海,茂名市,广东省,中国,21.4688,111.0286,1
1687A,茂石化七小,茂名市,广东省,中国,21.6533,110.9294,1
1688A,健康路,茂名市,广东省,中国,21.6687,110.9107,1
1689A,高岭,茂名市,广东省,中国,21.6828,110.8592,1
1690A,梅江月梅,梅州市,广东省,中国,24.3284,116.1231,1
1691A,梅县新城,梅州市,广东省,中国,24.2719,116.0797,1
1692A,环境监控中心,梅州市,广东省,中国,24.2654,116.1248,1
1693A,市环保局,汕尾市,广东省,中国,22.775,115.3653,1
1694A,市政府,汕尾市,广东省,中国,22.7898,115.3706,1
1695A,新城中学,汕尾市,广东省,中国,22.7925,115.3622,1
1699A,鸳鸯湖(对照点),阳江市,广东省,中国,21.8593,111.9797,1
1700A,南恩路,阳江市,广东省,中国,21.8536,111.9508,1
1701A,马南垌,阳江市,广东省,中国,21.8658,111.9491,1
1705A,西园路(对照点),潮州市,广东省,中国,23.6719,116.6367,1
1706A,档案局,潮州市,广东省,中国,23.6706,116.6447,1
1707A,市政公司,潮州市,广东省,中国,23.6531,116.6175,1
1708A,新兴,揭阳市,广东省,中国,23.5345,116.3701,0
1709A,西马,揭阳市,广东省,中国,23.5443,116.3264,0
1710A,东兴,揭阳市,广东省,中国,23.5626,116.3611,2
1711A,渔湖,揭阳市,广东省,中国,23.5294,116.4151,0
1712A,新市府(对照点),云浮市,广东省,中国,22.9169,112.0392,1
1713A,市监测站,云浮市,广东省,中国,22.9394,112.0369,1
1714A,牧羊,云浮市,广东省,中国,22.9539,112.0539,1
1839A,四零三,宜昌市,湖北省,中国,30.7157,111.3009,1
1840A,白龙岗,宜昌市,湖北省,中国,30.6981,111.2992,1
1841A,伍家岗,宜昌市,湖北省,中国,30.6465,111.3549,1
1842A,点军区,宜昌市,湖北省,中国,30.6961,111.2628,1
1843A,夷陵区,宜昌市,湖北省,中国,30.7819,111.3275,1
1844A,市图书馆,荆州市,湖北省,中国,30.3197,112.2494,1
1845A,市委党校,荆州市,湖北省,中国,30.3544,112.2008,1
1846A,科融环保,荆州市,湖北省,中国,30.3055,112.2887,1
1744A,松山一中,赤峰市,内蒙古自治区,中国,42.2816,118.9233,1
1745A,哈达街,赤峰市,内蒙古自治区,中国,42.2728,118.9576,1
1746A,天义路,赤峰市,内蒙古自治区,中国,42.2554,118.8788,1
1747A,松山路,赤峰市,内蒙古自治区,中国,42.0317,119.2719,1
1951A,长征新村,新疆维吾尔自治区,新疆维吾尔自治区,中国,45.6094,84.895,1
1952A,南林小区,新疆维吾尔自治区,新疆维吾尔自治区,中国,45.5893,84.8988,1
1953A,白碱滩区,新疆维吾尔自治区,新疆维吾尔自治区,中国,45.6886,85.1186,1
1954A,独山子区,新疆维吾尔自治区,新疆维吾尔自治区,中国,44.3396,84.905,1
1955A,乌尔禾区商贸楼,新疆维吾尔自治区,新疆维吾尔自治区,中国,46.098,85.6979,2
1956A,孔雀公园,新疆维吾尔自治区,新疆维吾尔自治区,中国,41.7538,86.1472,1
1957A,棉纺厂,新疆维吾尔自治区,新疆维吾尔自治区,中国,41.7166,86.1972,1
1958A,经济开发区,新疆维吾尔自治区,新疆维吾尔自治区,中国,41.7173,86.2357,1
1779A,安居小区,齐齐哈尔市,黑龙江省,中国,47.3636,123.9305,1
1780A,中心广场,齐齐哈尔市,黑龙江省,中国,47.3386,123.9488,2
1781A,农牧车辆厂,齐齐哈尔市,黑龙江省,中国,47.3227,123.9483,1
1782A,富区环保局(停运191231),齐齐哈尔市,黑龙江省,中国,47.203,123.6261,1
1783A,市环境监测站,齐齐哈尔市,黑龙江省,中国,47.2988,123.945,1
1784A,环保大楼,牡丹江市,黑龙江省,中国,44.561,129.61,1
1785A,文化广场,牡丹江市,黑龙江省,中国,44.5782,129.6115,1
1786A,第一医院,牡丹江市,黑龙江省,中国,44.5963,129.5904,1
1787A,机车工厂,牡丹江市,黑龙江省,中国,44.6075,129.6364,1
1788A,第一中学,牡丹江市,黑龙江省,中国,44.5462,129.6386,1
1916A,环境监测站,曲靖市,云南省,中国,25.5035,103.7897,1
1917A,烟厂办公区,曲靖市,云南省,中国,25.5364,103.8,1
1803A,十里,九江市,江西省,中国,29.6815,115.9872,1
1804A,茅山头,九江市,江西省,中国,29.7046,115.9584,1
1805A,西园,九江市,江西省,中国,29.7295,115.9877,1
1806A,五七二七厂,九江市,江西省,中国,29.6547,116.0172,1
1807A,水科所,九江市,江西省,中国,29.6926,116.0628,1
1808A,综合工业园,九江市,江西省,中国,29.6038,115.9114,1
1809A,石化总厂,九江市,江西省,中国,29.7535,116.0721,1
1810A,庐山气象台(对照点),九江市,江西省,中国,29.5698,115.9773,2
1942A,市科委(停运180727),金昌市,甘肃省,中国,38.5247,102.1878,1
1943A,新川苑,金昌市,甘肃省,中国,38.5339,102.1725,1
1944A,天庆家园,金昌市,甘肃省,中国,38.5167,102.1692,1
1945A,气象局,嘉峪关市,甘肃省,中国,39.7711,98.2908,1
1946A,酒钢耐材公司,嘉峪关市,甘肃省,中国,39.8576,98.2543,12
1811A,中信二小,洛阳市,河南省,中国,34.6692,112.3628,1
1812A,市委党校,洛阳市,河南省,中国,34.6516,112.3931,1
1813A,市监测站,洛阳市,河南省,中国,34.67,112.4333,1
1814A,豫西宾馆,洛阳市,河南省,中国,34.6871,112.4657,1
1815A,河南林校,洛阳市,河南省,中国,34.6886,112.494,2
1816A,开发区管委会,洛阳市,河南省,中国,34.623,112.3844,1
1817A,市委新办公区,洛阳市,河南省,中国,34.6258,112.4267,1
1818A,棉研所(对照点),安阳市,河南省,中国,36.0621,114.4839,1
1819A,红庙街,安阳市,河南省,中国,36.1017,114.3551,4
1820A,银杏小区,安阳市,河南省,中国,36.0681,114.361,2
1821A,环保局(停运171207),安阳市,河南省,中国,36.0883,114.3931,1
1822A,铁佛寺(停运200115),安阳市,河南省,中国,36.11,114.286,1
1823A,河大一附院(停运180109),开封市,河南省,中国,34.8022,114.3406,1
1824A,肿瘤医院,开封市,河南省,中国,34.7781,114.3389,1
1825A,妇幼保健院(20190322停运),开封市,河南省,中国,34.7975,114.3733,1
1826A,世纪星幼儿园,开封市,河南省,中国,34.7965,114.2885,1
1827A,市监测站,焦作市,河南省,中国,35.235,113.261,1
1828A,市环保局,焦作市,河南省,中国,35.2127,113.2269,1
1829A,高新区政府,焦作市,河南省,中国,35.176,113.2467,1
1830A,影视城(对照点),焦作市,河南省,中国,35.2703,113.1987,2
1831A,高压开关厂(20190304停运),平顶山市,河南省,中国,33.7214,113.3064,1
1832A,新华旅馆,平顶山市,河南省,中国,33.742,113.3257,3
1833A,规划设计院,平顶山市,河南省,中国,33.737,113.2919,1
1834A,平顶山工学院,平顶山市,河南省,中国,33.774,113.182,4
1835A,市政府,三门峡市,河南省,中国,34.7752,111.1922,1
1836A,开发区,三门峡市,河南省,中国,34.7942,111.1587,1
1837A,二  印,三门峡市,河南省,中国,34.7917,111.1858,1
1838A,风景区(对照点),三门峡市,河南省,中国,34.7955,111.143,1
1911A,丁字口,遵义市,贵州省,中国,27.6869,106.9222,1
1912A,凤凰山,遵义市,贵州省,中国,27.7019,106.9242,1
1913A,忠庄,遵义市,贵州省,中国,27.6486,106.8906,1
1914A,舟水桥,遵义市,贵州省,中国,27.6506,106.9231,1
1915A,干田坝,遵义市,贵州省,中国,27.72,106.9178,1
1985A,吴江市环保局,苏州市,江苏省,中国,31.155,120.636,1
1986A,教师进修学校,苏州市,江苏省,中国,31.17,120.635,1
1987A,吴江开发区,苏州市,江苏省,中国,31.172,120.658,1
1988A,昆山实验小学,苏州市,江苏省,中国,31.388,120.953,1
1989A,震川中学,苏州市,江苏省,中国,31.381,120.999,1
1990A,海虞子站,苏州市,江苏省,中国,31.67,120.758,1
1991A,兴福子站,苏州市,江苏省,中国,31.671,120.721,1
1992A,菱塘子站,苏州市,江苏省,中国,31.656,120.734,1
1993A,张家港市监测站,苏州市,江苏省,中国,31.874,120.526,1
1994A,城北小学,苏州市,江苏省,中国,31.882,120.55,1
1995A,太仓市监测站,苏州市,江苏省,中国,31.453,121.115,1
1996A,科教新城实小,苏州市,江苏省,中国,31.422,121.14,1
1997A,消防指挥中心,镇江市,江苏省,中国,31.955,119.146,1
1998A,房家坝,镇江市,江苏省,中国,31.955,119.18,1
1999A,虹桥邮政,无锡市,江苏省,中国,31.92,120.268,1
2000A,五星公园,无锡市,江苏省,中国,31.909,120.237,1
2001A,第二实验小学,无锡市,江苏省,中国,31.92,120.302,1
2002A,宜兴市环保局,无锡市,江苏省,中国,31.354,119.818,1
2003A,宜园,无锡市,江苏省,中国,31.371,119.794,1
2004A,金坛市环境监测站,常州市,江苏省,中国,31.751,119.579,1
2005A,金坛市自来水公司,常州市,江苏省,中国,31.737,119.579,1
2006A,溧阳市东门子站,常州市,江苏省,中国,31.4,119.46,1
2007A,燕山子站,常州市,江苏省,中国,31.317,119.438,1
2008A,海门市监测站,南通市,江苏省,中国,31.896,121.173,1
2009A,社会福利院,南通市,江苏省,中国,31.89708,121.1518,1
1847A,南湖风景区,岳阳市,湖南省,中国,29.3578,113.1094,1
1848A,城陵矶,岳阳市,湖南省,中国,29.4251,113.1493,1
1849A,开发区,岳阳市,湖南省,中国,29.3575,113.1497,3
1850A,云溪区,岳阳市,湖南省,中国,29.4758,113.2621,1
1851A,君山区,岳阳市,湖南省,中国,29.4402,112.9943,1
1852A,金凤水库(对照点),岳阳市,湖南省,中国,29.355,113.2117,1
1853A,市监测站,常德市,湖南省,中国,29.0244,111.7044,1
1854A,市二中,常德市,湖南省,中国,28.9703,111.6975,1
1855A,鼎城区环保局,常德市,湖南省,中国,29.0239,111.6753,1
1856A,市技术监督局,常德市,湖南省,中国,29.0381,111.6794,1
1857A,白鹤山(对照点),常德市,湖南省,中国,29.1456,111.7158,1
1858A,永定新区,张家界市,湖南省,中国,29.1217,110.5319,6
1859A,电业局,张家界市,湖南省,中国,29.1242,110.4697,1
1860A,未央路,张家界市,湖南省,中国,29.3547,110.5594,1
1861A,袁家界(对照点),张家界市,湖南省,中国,29.315,110.4417,1
1878A,富乐山,绵阳市,四川省,中国,31.4741,104.7778,1
1879A,市人大,绵阳市,四川省,中国,31.4535,104.7563,1
1880A,高新区自来水公司,绵阳市,四川省,中国,31.4668,104.6697,1
1881A,三水厂,绵阳市,四川省,中国,31.5075,104.7287,1
1882A,石马中学(对照点),宜宾市,四川省,中国,28.793,104.563,1
1883A,市委,宜宾市,四川省,中国,28.7728,104.6201,1
1884A,宜宾四中,宜宾市,四川省,中国,28.793,104.6055,1
1885A,市政府,宜宾市,四川省,中国,28.7562,104.639,1
1886A,黄金嘴,宜宾市,四川省,中国,28.7199,104.5742,1
1887A,沙坪中学(停运200627),宜宾市,四川省,中国,28.7989,104.6789,1
1888A,弄弄坪,攀枝花市,四川省,中国,26.571,101.6891,1
1889A,河门口,攀枝花市,四川省,中国,26.5928,101.5769,1
1890A,炳草岗,攀枝花市,四川省,中国,26.585,101.7169,1
1891A,仁和,攀枝花市,四川省,中国,26.5008,101.7369,1
1892A,金江,攀枝花市,四川省,中国,26.5402,101.8490,12
1893A,九狮山(对照点),泸州市,四川省,中国,28.9634,105.4324,1
1894A,小市上码头,泸州市,四川省,中国,28.9063,105.4427,1
1895A,兰田宪桥,泸州市,四川省,中国,28.8573,105.4241,1
1896A,市环监站,泸州市,四川省,中国,28.8833,105.4379,1
1897A,大塘山(对照点),自贡市,四川省,中国,29.3628,104.7547,1
1898A,盐马路,自贡市,四川省,中国,29.3586,104.7214,1
1899A,檀木林街,自贡市,四川省,中国,29.3564,104.7747,1
1900A,春华路,自贡市,四川省,中国,29.3411,104.7692,1
1901A,东山公园,德阳市,四川省,中国,31.1208,104.4239,1
1902A,西小区,德阳市,四川省,中国,31.1317,104.3826,1
1903A,市检察院,德阳市,四川省,中国,31.1167,104.4053,1
1904A,耐火材料厂,德阳市,四川省,中国,31.1091,104.3553,1
1905A,西山风景区(对照点),南充市,四川省,中国,30.8064,106.056,1
1906A,南充市委,南充市,四川省,中国,30.8023,106.0789,1
1907A,南充炼油厂,南充市,四川省,中国,30.8217,106.1031,1
1908A,高坪区监测站,南充市,四川省,中国,30.7856,106.1064,1
1909A,嘉陵区环保局,南充市,四川省,中国,30.7636,106.0642,1
1910A,市环境监测站,南充市,四川省,中国,30.8388,106.1087,1
1876A,河东子站,三亚市,海南省,中国,18.2489,109.5078,1
1877A,河西子站,三亚市,海南省,中国,18.2681,109.4964,1
1772A,哈达湾,吉林市,吉林省,中国,43.8622,126.54,3
1773A,东局子,吉林市,吉林省,中国,43.8358,126.5844,1
1774A,电力学院,吉林市,吉林省,中国,43.8245,126.5052,1
1775A,江北,吉林市,吉林省,中国,43.8972,126.6133,4
1776A,江南公园,吉林市,吉林省,中国,43.8306,126.555,1
1777A,农科院,吉林市,吉林省,中国,43.9578,126.4699,12
1778A,丰满(对照点),吉林市,吉林省,中国,43.7133,126.7061,1
1947A,沙湖旅游区(对照点),石嘴山市,宁夏回族自治区,中国,38.817,106.3394,1
1948A,大武口朝阳西街,石嘴山市,宁夏回族自治区,中国,39.0145,106.3668,1
1949A,惠农南大街,石嘴山市,宁夏回族自治区,中国,39.2282,106.7704,1
1950A,红果子镇惠新街,石嘴山市,宁夏回族自治区,中国,39.1325,106.7099,1
2010A,市政府,杭州市,浙江省,中国,30.2366,119.7183,1
2011A,四中,杭州市,浙江省,中国,30.2311,119.6942,1
2012A,监测站,杭州市,浙江省,中国,30.054,119.954,1
2013A,富春二小,杭州市,浙江省,中国,30.049,119.946,1
2014A,江东,金华市,浙江省,中国,29.305,120.091,1
2015A,北苑,金华市,浙江省,中国,29.334,120.04,1
2016A,图书馆,绍兴市,浙江省,中国,29.719,120.251,1
2017A,富林印务,绍兴市,浙江省,中国,29.732,120.209,1
1748A,深沟寺,鞍山市,辽宁省,中国,41.1196,123.044,1
1749A,太阳城,鞍山市,辽宁省,中国,41.0931,123.011,0
1750A,太平,鞍山市,辽宁省,中国,41.1442,123.0485,0
1751A,铁西三道街,鞍山市,辽宁省,中国,41.0971,122.9642,0
1752A,铁西工业园区,鞍山市,辽宁省,中国,41.0833,122.9341,2
1753A,明达新区,鞍山市,辽宁省,中国,41.0821,123.022,1
1754A,千山(对照点),鞍山市,辽宁省,中国,41.0228,123.1289,0
1755A,望花区,抚顺市,辽宁省,中国,41.8491,123.7977,2
1756A,顺城区,抚顺市,辽宁省,中国,41.8822,123.9161,0
1757A,东洲区,抚顺市,辽宁省,中国,41.8611,124.0436,0
1758A,新抚区,抚顺市,辽宁省,中国,41.8642,123.9247,3
1759A,大伙房水库,抚顺市,辽宁省,中国,41.8961,124.0972,0
1760A,沈抚新城,抚顺市,辽宁省,中国,41.8391,123.7086,1
1761A,大峪,本溪市,辽宁省,中国,41.3064,123.8275,3
1762A,溪湖,本溪市,辽宁省,中国,41.3325,123.7567,1
1763A,彩屯,本溪市,辽宁省,中国,41.3094,123.7169,2
1764A,东明,本溪市,辽宁省,中国,41.2864,123.7669,1
1765A,新立屯,本溪市,辽宁省,中国,41.2664,123.7992,0
1766A,威宁,本溪市,辽宁省,中国,41.3472,123.8142,1
1767A,南山,锦州市,辽宁省,中国,41.0879,121.1115,2
1768A,开发区,锦州市,辽宁省,中国,40.8434,121.0533,2
1769A,百股街道,锦州市,辽宁省,中国,41.1119,121.1836,2
1770A,天安街道,锦州市,辽宁省,中国,41.1222,121.1178,0
1771A,北湖公园,锦州市,辽宁省,中国,41.1386,121.1303,1
2018A,抱龙山庄,大连市,辽宁省,中国,39.625,121.989,1
2019A,东山公园,大连市,辽宁省,中国,39.617,122.011,1
1862A,电子科大尧山校区(对照点),桂林市,广西壮族自治区,中国,25.3167,110.4144,1
1863A,监测站,桂林市,广西壮族自治区,中国,25.2697,110.2819,1
1864A,龙隐路小学,桂林市,广西壮族自治区,中国,25.2708,110.3089,1
1865A,八中,桂林市,广西壮族自治区,中国,25.2178,110.2869,1
1794A,监测站,芜湖市,安徽省,中国,31.3519,118.3606,1
1795A,科创中心,芜湖市,安徽省,中国,31.4134,118.3714,1
1796A,四水厂,芜湖市,安徽省,中国,31.3131,118.3673,1
1797A,济民医院(对照点),芜湖市,安徽省,中国,31.3839,118.4022,1
1967A,胶州环保局,青岛市,山东省,中国,36.283,120.008,1
1968A,胶州一中,青岛市,山东省,中国,36.253,120.014,1
1961A,东山小学,济南市,山东省,中国,36.6868,117.532,3
1962A,明水开发区,济南市,山东省,中国,36.71,117.541,1
1963A,环保局子站,青岛市,山东省,中国,36.44,120.61,1
1964A,开发区子站,青岛市,山东省,中国,36.39,120.47,1
1971A,1号,青岛市,山东省,中国,36.792,119.952,1
1972A,2号,青岛市,山东省,中国,36.799,119.976,1
1965A,JN子站,青岛市,山东省,中国,35.878,120.005,1
1966A,黄岛区4号,青岛市,山东省,中国,35.8735,120.0405,1
1969A,环保局子站,青岛市,山东省,中国,36.865,120.537,1
1970A,人民广场子站,青岛市,山东省,中国,36.885,120.515,1
1977A,莱州环保局,烟台市,山东省,中国,37.177,119.941,1
1978A,莱州外经委,烟台市,山东省,中国,37.18,119.959,1
1973A,蓬莱环保局,烟台市,山东省,中国,37.825,120.747,1
1974A,蓬莱博物馆,烟台市,山东省,中国,37.809,120.773,1
1975A,招远环保局,烟台市,山东省,中国,37.374,120.399,1
1976A,招远教育局,烟台市,山东省,中国,37.364,120.394,1
1959A,监测站,潍坊市,山东省,中国,36.881,118.746,1
1960A,世纪学校,潍坊市,山东省,中国,36.864,118.78,1
1981A,文登市环保局,威海市,山东省,中国,37.197,122.038,1
1982A,文登开发区,威海市,山东省,中国,37.2174,122.0693,1
1979A,荣成市环保局办公楼,威海市,山东省,中国,37.154,122.471,1
1980A,山东成山轮胎公司,威海市,山东省,中国,37.161,122.41,1
1983A,乳山市环保局,威海市,山东省,中国,36.913,121.531,1
1984A,乳山市气象局,威海市,山东省,中国,36.907,121.544,1
1798A,湖东路四小,马鞍山市,安徽省,中国,31.6837,118.5092,1
1799A,开发区,马鞍山市,安徽省,中国,31.6449,118.5024,1
1800A,慈湖,马鞍山市,安徽省,中国,31.7231,118.5228,1
1801A,马钢动力厂,马鞍山市,安徽省,中国,31.6928,118.48,1
1802A,濮塘(对照点),马鞍山市,安徽省,中国,31.7241,118.6245,1
1789A,大同区,大庆市,黑龙江省,中国,46.03138,124.81117,3
1790A,龙凤区,大庆市,黑龙江省,中国,46.533,125.129,2
1791A,红岗区,大庆市,黑龙江省,中国,46.408,124.902,2
1792A,萨尔图区,大庆市,黑龙江省,中国,46.586,125.153,2
1793A,让胡路区,大庆市,黑龙江省,中国,46.6215,124.9042,4
2054A,平桥分局,信阳市,河南省,中国,32.1059,114.1099,0
2064A,南湾水厂,信阳市,河南省,中国,32.1271,113.9956,2
2065A,市酿酒公司,信阳市,河南省,中国,32.1195,114.0775,2
2066A,审计局,信阳市,河南省,中国,32.1399,114.0609,0
2067A,市环境监测站,周口市,河南省,中国,33.6128,114.6613,0
2068A,周口师范,周口市,河南省,中国,33.6347,114.6758,0
2069A,市运管处,周口市,河南省,中国,33.5979,114.6546,0
2070A,川汇区环保局,周口市,河南省,中国,33.6406,114.6369,0
2073A,蓝田(停运160601),漳州市,福建省,中国,24.5086,117.7206,0
2074A,漳州三中(20190503停运),漳州市,福建省,中国,24.5157,117.6569,0
2075A,九湖(对照点),漳州市,福建省,中国,24.4674,117.6336,0
2160A,自来水公司,晋城市,山西省,中国,35.5051,112.85,0
2161A,白云商贸,晋城市,山西省,中国,35.4936,112.8318,0
2162A,市环保局,晋城市,山西省,中国,35.4887,112.8508,0
2163A,技术学院,晋城市,山西省,中国,35.4897,112.8676,0
2164A,泽州一中,晋城市,山西省,中国,35.4828,112.8271,0
2165A,白马寺 (对照点),晋城市,山西省,中国,35.546,112.8453,0
2166A,平朔,朔州市,山西省,中国,39.3522,112.4397,0
2167A,朔唯,朔州市,山西省,中国,39.3617,112.4575,0
2168A,区政府,朔州市,山西省,中国,39.3197,112.4258,0
2169A,市环保局,朔州市,山西省,中国,39.3278,112.4072,0
2170A,市二中,朔州市,山西省,中国,39.3681,112.4272,0
2171A,锦纶小区,晋中市,山西省,中国,37.6945,112.7532,0
2172A,榆次液压件厂,晋中市,山西省,中国,37.6558,112.6837,12
2173A,南都小区,晋中市,山西省,中国,37.7067,112.7249,0
2174A,榆次区政府,晋中市,山西省,中国,37.6982,112.6991,2
2175A,运城中学,运城市,山西省,中国,35.0147,110.9956,0
2176A,禹都开发区,运城市,山西省,中国,35.0611,111.0233,0
2177A,运城学院（已停运）,运城市,山西省,中国,35.0394,111.0397,0
2178A,地区技校,运城市,山西省,中国,35.0303,110.9686,0
2179A,空港新区,运城市,山西省,中国,35.1147,111.0414,0
2180A,机引(20190313停运),忻州市,山西省,中国,38.4186,112.7356,0
2181A,开发区,忻州市,山西省,中国,38.4519,112.7383,0
2182A,会展中心,忻州市,山西省,中国,38.4928,112.7003,0
2183A,环保局,吕梁市,山西省,中国,37.5211,111.1406,0
2184A,豆制品厂,吕梁市,山西省,中国,37.5145,111.1364,12
2185A,自来水公司,吕梁市,山西省,中国,37.5136,111.1297,0
2186A,聚英学校,乌海市,内蒙古自治区,中国,39.6778,106.8288,0
2187A,市林业局,乌海市,内蒙古自治区,中国,39.6973,106.8174,0
2188A,中海勃湾学校,乌海市,内蒙古自治区,中国,39.6667,106.7907,0
2189A,通辽宾馆,通辽市,内蒙古自治区,中国,43.6267,122.2603,0
2190A,胶建铝业,通辽市,内蒙古自治区,中国,43.6156,122.3039,0
2191A,艺术职业学校,通辽市,内蒙古自治区,中国,43.6801,122.2532,0
2192A,区环保局,呼伦贝尔市,内蒙古自治区,中国,49.2261,119.7594,0
2193A,市艺校,呼伦贝尔市,内蒙古自治区,中国,49.2014,119.7283,0
2194A,秋林养殖基地(对照点),巴彦淖尔市,内蒙古自治区,中国,40.916,107.5936,0
2195A,附二中,巴彦淖尔市,内蒙古自治区,中国,40.761,107.4212,0
2196A,市环保大楼,巴彦淖尔市,内蒙古自治区,中国,40.7372,107.37,0
2197A,集宁新区,乌兰察布市,内蒙古自治区,中国,40.9923,113.1306,0
2198A,集宁旧区西,乌兰察布市,内蒙古自治区,中国,41.038,113.0974,0
2199A,盟监测站(停运170221),兴安盟,内蒙古自治区,中国,46.0872,122.062,0
2200A,胜华新制药厂,兴安盟,内蒙古自治区,中国,46.0656,122.0392,2
2201A,科右前旗环保局,兴安盟,内蒙古自治区,中国,46.0741,121.9504,0
2202A,市环保监测站,锡林郭勒盟,内蒙古自治区,中国,43.9317,116.1042,0
2203A,市政府,锡林郭勒盟,内蒙古自治区,中国,43.9311,116.0781,0
2204A,西城区西花园(对照点),阿拉善盟,内蒙古自治区,中国,38.8363,105.6467,0
2205A,蒙二幼,阿拉善盟,内蒙古自治区,中国,38.8411,105.6985,0
2206A,环保局新楼,阿拉善盟,内蒙古自治区,中国,38.8516,105.724,0
2207A,工业园区,阜新市,辽宁省,中国,41.998,121.6094,0
2208A,长青街,阜新市,辽宁省,中国,42.0279,121.6697,2
2209A,农业园区,阜新市,辽宁省,中国,42.0705,121.6673,3
2210A,东苑,阜新市,辽宁省,中国,42.0224,121.6717,0
2211A,玉龙新城,阜新市,辽宁省,中国,42.0498,121.6506,0
2212A,宏伟区,辽阳市,辽宁省,中国,41.1953,123.2,0
2213A,新华园,辽阳市,辽宁省,中国,41.2495,123.1683,2
2214A,滨河路,辽阳市,辽宁省,中国,41.2639,123.2354,6
2215A,铁西工业园,辽阳市,辽宁省,中国,41.2991,123.149,0
2216A,汇工街西,铁岭市,辽宁省,中国,42.3022,123.8139,0
2217A,水上乐园,铁岭市,辽宁省,中国,42.2923,123.8649,4
2218A,银州路东段,铁岭市,辽宁省,中国,42.2867,123.8486,0
2219A,金沙江路北,铁岭市,辽宁省,中国,42.2217,123.7153,0
2220A,西梁,朝阳市,辽宁省,中国,41.5881,120.4318,2
2221A,河畔小区,朝阳市,辽宁省,中国,41.5646,120.4521,0
2222A,八里堡,朝阳市,辽宁省,中国,41.5648,120.4176,0
2223A,农业园区,朝阳市,辽宁省,中国,41.5969,120.3806,2
2224A,监测站(停运200414),四平市,吉林省,中国,43.1747,124.3419,0
2225A,一商场,四平市,吉林省,中国,43.1713,124.4002,3
2226A,境园,四平市,吉林省,中国,43.193,124.388,0
2227A,环保局,辽源市,吉林省,中国,42.8845,125.1358,2
2228A,污水处理厂,辽源市,吉林省,中国,42.8953,125.1567,0
2229A,光明,通化市,吉林省,中国,41.7173,125.9358,0
2230A,铁路,通化市,吉林省,中国,41.7325,125.9446,0
2231A,喜丰,白山市,吉林省,中国,41.9171,126.4219,2
2232A,环保局,白山市,吉林省,中国,41.9419,126.4077,0
2233A,江南,松原市,吉林省,中国,45.1214,124.8006,4
2234A,江北,松原市,吉林省,中国,45.1722,124.7965,6
2235A,洮北区环保局,白城市,吉林省,中国,45.6077,122.7911,6
2236A,市环保局,白城市,吉林省,中国,45.5725,122.8738,6
2237A,妇幼医院,延边朝鲜族自治州,吉林省,中国,42.8883,129.47,2
2238A,延边医院,延边朝鲜族自治州,吉林省,中国,42.9108,129.5055,0
2239A,朝阳川镇医院,延边朝鲜族自治州,吉林省,中国,42.8881,129.3964,3
2240A,环保局,鸡西市,黑龙江省,中国,45.3001,130.9762,2
2241A,自来水公司,鸡西市,黑龙江省,中国,45.305,130.9817,0
2242A,白酒厂,鸡西市,黑龙江省,中国,45.2948,131.0103,0
2243A,第一中学,鸡西市,黑龙江省,中国,45.3039,130.9429,0
2244A,哈啤分公司,鹤岗市,黑龙江省,中国,47.3416,130.2537,2
2245A,斯达机电,鹤岗市,黑龙江省,中国,47.3086,130.2684,4
2246A,东山纸板厂,鹤岗市,黑龙江省,中国,47.3388,130.3114,2
2247A,五号水库(对照点),鹤岗市,黑龙江省,中国,47.3382,130.1097,0
2248A,双合村,双鸭山市,黑龙江省,中国,46.6937,131.1511,4
2249A,南小市,双鸭山市,黑龙江省,中国,46.6191,131.1652,0
2250A,环保局,双鸭山市,黑龙江省,中国,46.6554,131.1524,0
2251A,苗圃(对照点),双鸭山市,黑龙江省,中国,46.5656,131.12,0
2252A,环保局,伊春市,黑龙江省,中国,47.4311,128.5159,0
2253A,电力嘉园,伊春市,黑龙江省,中国,47.7412,128.9102,0
2254A,汤旺河国家公园(对照点),伊春市,黑龙江省,中国,48.471,129.5029,0
2255A,佳纺,佳木斯市,黑龙江省,中国,46.8028,130.2751,0
2256A,发电厂,佳木斯市,黑龙江省,中国,46.8307,130.3995,0
2257A,环保局,佳木斯市,黑龙江省,中国,46.7975,130.3258,0
2258A,十一中,佳木斯市,黑龙江省,中国,46.8032,130.3648,0
2259A,四丰(对照点),佳木斯市,黑龙江省,中国,46.7588,130.3794,0
2260A,环保局(停运200627),七台河市,黑龙江省,中国,45.7677,131.0032,0
2261A,新建(停运200107),七台河市,黑龙江省,中国,45.8194,130.8625,0
2262A,新一中(对照点),七台河市,黑龙江省,中国,45.8751,131.0518,0
2263A,交通局,黑河市,黑龙江省,中国,50.2524,127.4833,0
2264A,环保局,黑河市,黑龙江省,中国,50.2341,127.5144,0
2265A,大黑河岛(对照点),黑河市,黑龙江省,中国,50.2472,127.5291,0
2266A,人和东街,绥化市,黑龙江省,中国,46.6365,126.9785,2
2267A,党政办公中心,绥化市,黑龙江省,中国,46.6528,126.964,0
2268A,环保局(停运191231),大兴安岭地区,黑龙江省,中国,50.4269,124.1186,0
2269A,科技局,大兴安岭地区,黑龙江省,中国,50.4097,124.1069,0
2270A,工人疗养院,蚌埠市,安徽省,中国,32.939,117.396,0
2271A,百货大楼,蚌埠市,安徽省,中国,32.9427,117.3605,0
2272A,二水厂(停运200430),蚌埠市,安徽省,中国,32.935,117.3086,0
2273A,蚌埠学院,蚌埠市,安徽省,中国,32.8911,117.4185,0
2274A,淮上区政府,蚌埠市,安徽省,中国,32.9673,117.3533,0
2275A,高新区,蚌埠市,安徽省,中国,32.8977,117.3145,0
2276A,大通区政府（已停运）,淮南市,安徽省,中国,32.6611,117.0417,1
2277A,潘集区政府,淮南市,安徽省,中国,32.7727,116.8305,3
2278A,师范学院,淮南市,安徽省,中国,32.6524,117.0067,0
2279A,谢家集区政府,淮南市,安徽省,中国,32.5951,116.8569,0
2280A,八公山区政府,淮南市,安徽省,中国,32.633,116.8281,0
2281A,焦岗湖风景区管理处(对照点),淮南市,安徽省,中国,32.6201,116.6325,0
2282A,监测站,淮北市,安徽省,中国,33.975,116.8004,0
2283A,烈山区政府,淮北市,安徽省,中国,33.9007,116.8091,0
2284A,职业技术学院,淮北市,安徽省,中国,33.9477,116.7856,0
2285A,市第四中学,铜陵市,安徽省,中国,30.9412,117.8177,0
2286A,市公路局,铜陵市,安徽省,中国,30.9273,117.8059,0
2287A,市新民污水厂,铜陵市,安徽省,中国,30.9413,117.7807,0
2288A,市第九中学,铜陵市,安徽省,中国,30.8792,117.7439,0
2289A,车站新区,铜陵市,安徽省,中国,30.9413,117.846,2
2290A,市职教基地,铜陵市,安徽省,中国,30.97,117.8483,0
2291A,环科院,安庆市,安徽省,中国,30.5177,117.0809,3
2292A,马山宾馆,安庆市,安徽省,中国,30.5119,117.0331,0
2293A,联富花园(停运180816),安庆市,安徽省,中国,30.5489,117.0486,0
2294A,安庆大学,安庆市,安徽省,中国,30.6145,116.9896,0
2295A,延安路89号,黄山市,安徽省,中国,29.6963,118.2903,2
2296A,黄山东路89号,黄山市,安徽省,中国,29.7178,118.327,0
2297A,黄山区政府5号楼,黄山市,安徽省,中国,30.2756,118.1371,0
2298A,老年大学,滁州市,安徽省,中国,32.3153,118.3093,0
2299A,人大宾馆,滁州市,安徽省,中国,32.2786,118.3244,0
2300A,监测站(20190308停运),滁州市,安徽省,中国,32.3061,118.3158,0
2301A,市监测站,阜阳市,安徽省,中国,32.8929,115.8277,0
2302A,市委党校,阜阳市,安徽省,中国,32.9080,115.7640,12
2303A,开发区,阜阳市,安徽省,中国,32.8605,115.8554,0
2304A,监测楼,宿州市,安徽省,中国,33.6481,116.9765,0
2305A,一中(停运200114),宿州市,安徽省,中国,33.6284,116.9677,0
2306A,火车站,宿州市,安徽省,中国,33.6306,116.989,0
2307A,监测大楼,六安市,安徽省,中国,31.737,116.5079,0
2308A,皖西学院,六安市,安徽省,中国,31.7643,116.4738,0
2309A,朝阳厂,六安市,安徽省,中国,31.7905,116.4996,2
2310A,开发区,六安市,安徽省,中国,31.7886,116.5567,2
2311A,污水处理厂,亳州市,安徽省,中国,33.8399,115.8072,0
2312A,三国揽胜宫,亳州市,安徽省,中国,33.8518,115.7789,0
2313A,环保大楼(停运160506),池州市,安徽省,中国,30.6414,117.4808,0
2314A,池州学院,池州市,安徽省,中国,30.6618,117.47,0
2315A,平天湖(对照点),池州市,安徽省,中国,30.6539,117.4974,0
2316A,鳌峰子站,宣城市,安徽省,中国,30.9454,118.7581,0
2317A,敬亭山子站,宣城市,安徽省,中国,30.9743,118.7385,0
2318A,开发区子站,宣城市,安徽省,中国,30.9427,118.7173,0
2319A,荔城区仓后路,莆田市,福建省,中国,25.4325,119.0141,0
2320A,莆田市监测站,莆田市,福建省,中国,25.4553,119.0015,0
2321A,涵江区六中,莆田市,福建省,中国,25.4561,119.1119,0
2322A,秀屿区政府,莆田市,福建省,中国,25.3215,119.1013,0
2323A,东圳水库(对照点),莆田市,福建省,中国,25.4792,118.981,0
2324A,三钢,三明市,福建省,中国,26.2625,117.6211,0
2325A,三明二中,三明市,福建省,中国,26.2714,117.635,0
2326A,三元区政府,三明市,福建省,中国,26.2378,117.6028,0
2327A,洋溪(对照点),三明市,福建省,中国,26.3108,117.7275,0
2331A,茫荡山(对照点),南平市,福建省,中国,26.6761,118.0966,0
2332A,南平市监测站,南平市,福建省,中国,26.6369,118.1681,0
2333A,南平铝业有限公司,南平市,福建省,中国,26.6489,118.1825,0
2334A,南平七中,南平市,福建省,中国,26.6272,118.1756,0
2335A,龙岩师专(对照点),龙岩市,福建省,中国,25.1181,117.0189,0
2336A,龙岩市监测站,龙岩市,福建省,中国,25.1033,117.0217,0
2337A,闽西职业技术学院,龙岩市,福建省,中国,25.0661,117.0258,0
2338A,龙岩学院,龙岩市,福建省,中国,25.0306,117.0196,0
2339A,金涵水库(对照点),宁德市,福建省,中国,26.6946,119.5001,0
2340A,蕉城区农机局(20190319停运),宁德市,福建省,中国,26.6607,119.5202,0
2341A,宁德市监测站,宁德市,福建省,中国,26.6612,119.5388,0
2342A,王港中学(对照点),景德镇市,江西省,中国,29.3867,117.3102,0
2343A,老干部活动中心,景德镇市,江西省,中国,29.2933,117.2117,0
2344A,兽医站,景德镇市,江西省,中国,29.2789,117.1894,0
2345A,台达陶瓷,景德镇市,江西省,中国,29.2617,117.1547,0
2346A,陶研所,景德镇市,江西省,中国,29.2956,117.2461,0
2347A,武功山(对照点),萍乡市,江西省,中国,27.5002,114.0997,0
2348A,中医院,萍乡市,江西省,中国,27.6434,113.8385,0
2349A,市政府车库,萍乡市,江西省,中国,27.6253,113.8493,0
2350A,市环保局,萍乡市,江西省,中国,27.6435,113.8676,0
2351A,安源区政府,萍乡市,江西省,中国,27.6198,113.866,0
2352A,北岗(对照点),新余市,江西省,中国,27.9317,115.0861,11
2353A,飞宇,新余市,江西省,中国,27.8431,114.9886,0
2354A,第二水厂,新余市,江西省,中国,27.8246,114.9231,0
2355A,市气象局,新余市,江西省,中国,27.8036,114.9308,0
2356A,新钢氧气厂,新余市,江西省,中国,27.8042,114.9119,0
2357A,龙虎山(对照点),鹰潭市,江西省,中国,28.1136,116.9822,0
2358A,新监测站,鹰潭市,江西省,中国,28.2642,117.0564,0
2359A,财苑宾馆,鹰潭市,江西省,中国,28.2475,117.0311,0
2360A,体育馆,鹰潭市,江西省,中国,28.2264,117.0222,0
2361A,三川水表,鹰潭市,江西省,中国,28.2131,117.0017,0
2362A,通天岩(对照点),赣州市,江西省,中国,25.9149,114.9017,0
2363A,地委,赣州市,江西省,中国,25.8664,114.9367,0
2364A,气象台,赣州市,江西省,中国,25.8481,114.9461,0
2365A,市图书馆,赣州市,江西省,中国,25.8333,114.9322,0
2366A,华坚鞋城,赣州市,江西省,中国,25.8471,114.8905,0
2367A,红声器材厂,吉安市,江西省,中国,27.0803,114.9754,2
2368A,市森林工业局,吉安市,江西省,中国,27.0999,114.9658,2
2369A,市环境监测站,吉安市,江西省,中国,27.1312,114.99,0
2370A,青原区法院,吉安市,江西省,中国,27.0968,115.0093,0
2371A,槟榔水业(对照点),宜春市,江西省,中国,27.8064,114.3408,0
2372A,市中国银行,宜春市,江西省,中国,27.8014,114.3806,0
2373A,市石油公司,宜春市,江西省,中国,27.7844,114.3956,0
2374A,市气象局,宜春市,江西省,中国,27.7914,114.3703,0
2375A,市广电局,宜春市,江西省,中国,27.8074,114.4013,0
2376A,桐源党溪(对照点),抚州市,江西省,中国,28.0814,116.2127,0
2377A,市站,抚州市,江西省,中国,27.9831,116.3544,0
2378A,血防站,抚州市,江西省,中国,27.963,116.3565,0
2379A,采茶剧团,抚州市,江西省,中国,28.0007,116.3564,0
2380A,医学分院,抚州市,江西省,中国,27.9647,116.385,0
2381A,百草园(对照点),上饶市,江西省,中国,28.4572,118.005,0
2382A,市监测站,上饶市,江西省,中国,28.4436,117.9756,0
2383A,凤凰光学,上饶市,江西省,中国,28.4628,117.9519,0
2384A,开发区管委会(停运200112),上饶市,江西省,中国,28.4303,117.9033,0
2385A,市监测站,鹤壁市,河南省,中国,35.9019,114.17,0
2386A,市交警支队,鹤壁市,河南省,中国,35.7511,114.2956,0
2387A,迎宾馆,鹤壁市,河南省,中国,35.7306,114.2878,0
2388A,科技学院,新乡市,河南省,中国,35.279,113.926,0
2389A,环保西院,新乡市,河南省,中国,35.311,113.836,0
2390A,开发区,新乡市,河南省,中国,35.272,113.884,0
2391A,环保东院,新乡市,河南省,中国,35.303,113.883,0
2392A,环保局,濮阳市,河南省,中国,35.7636,115.0312,0
2393A,紭天威,濮阳市,河南省,中国,35.767,114.9906,0
2394A,油田运输公司,濮阳市,河南省,中国,35.7609,115.0574,0
2395A,油田物探公司,濮阳市,河南省,中国,35.7754,115.0866,0
2396A,监测站,许昌市,河南省,中国,34.0159,113.8276,0
2397A,环保局,许昌市,河南省,中国,34.0314,113.8208,0
2398A,开发区,许昌市,河南省,中国,33.9953,113.7906,0
2399A,三五一五工厂,漯河市,河南省,中国,33.5699,114.051,0
2400A,漯河大学,漯河市,河南省,中国,33.5698,114.0055,0
2401A,市水利局,漯河市,河南省,中国,33.5828,114.0138,0
2402A,市广电局,漯河市,河南省,中国,33.5698,114.0261,0
2403A,环保局,南阳市,河南省,中国,32.9917,112.5192,0
2404A,瓦房庄,南阳市,河南省,中国,33.0086,112.5339,2
2405A,汉画馆,南阳市,河南省,中国,32.9735,112.5003,0
2406A,气象站,南阳市,河南省,中国,33.0144,112.5779,3
2407A,理工学院,南阳市,河南省,中国,32.9692,112.548,0
2408A,环境监测站,商丘市,河南省,中国,34.4285,115.6702,0
2409A,粮食局,商丘市,河南省,中国,34.4045,115.6458,3
2410A,睢阳区环保局,商丘市,河南省,中国,34.3948,115.6293,2
2411A,第三人民医院(20190220停运),商丘市,河南省,中国,34.402,115.6578,0
2420A,市一纸厂,驻马店市,河南省,中国,32.9656,114.0189,0
2421A,市彩印厂,驻马店市,河南省,中国,33.015,114.0114,0
2422A,天方二分厂,驻马店市,河南省,中国,32.9771,113.9976,0
2423A,沈家营,黄石市,湖北省,中国,30.2313,115.0601,0
2424A,陈家湾,黄石市,湖北省,中国,30.2006,115.0817,0
2425A,新下陆,黄石市,湖北省,中国,30.1765,114.9551,0
2426A,铁山,黄石市,湖北省,中国,30.2019,114.8988,0
2427A,团城山,黄石市,湖北省,中国,30.2092,115.0307,0
2428A,武当山(对照点),十堰市,湖北省,中国,32.395,111.0419,0
2429A,滨河新村,十堰市,湖北省,中国,32.6494,110.78,0
2430A,刘家沟,十堰市,湖北省,中国,32.6389,110.7258,0
2431A,铁二处,十堰市,湖北省,中国,32.5714,110.8839,0
2432A,襄城运动路,襄阳市,湖北省,中国,32.0197,112.155,0
2433A,樊城新华路,襄阳市,湖北省,中国,32.0564,112.1392,0
2434A,高新管委会,襄阳市,湖北省,中国,32.1142,112.1825,0
2435A,襄州航空路,襄阳市,湖北省,中国,32.0903,112.2106,0
2436A,市政府,鄂州市,湖北省,中国,30.3994,114.8938,0
2437A,赵家坝,鄂州市,湖北省,中国,30.3714,114.8989,0
2438A,凡口开发区,鄂州市,湖北省,中国,30.4133,114.8131,0
2439A,竹园小学,荆门市,湖北省,中国,31.0481,112.2014,0
2440A,掇刀,荆门市,湖北省,中国,30.9891,112.1969,0
2441A,石化一小,荆门市,湖北省,中国,31.0386,112.2213,0
2442A,市政府,荆门市,湖北省,中国,31.0375,112.1931,0
2443A,文化路,孝感市,湖北省,中国,30.9285,113.9153,0
2444A,东城区,孝感市,湖北省,中国,30.9075,113.942,0
2445A,大洲岛,黄冈市,湖北省,中国,30.4522,114.8857,0
2446A,职工中心,黄冈市,湖北省,中国,30.4742,114.9028,0
2447A,森林公园(对照点),咸宁市,湖北省,中国,29.8142,114.3175,2
2448A,市发改委,咸宁市,湖北省,中国,29.8454,114.3107,3
2449A,咸安区政府,咸宁市,湖北省,中国,29.8566,114.2936,0
2450A,长江产业园,咸宁市,湖北省,中国,29.8683,114.3375,0
2451A,市委党校,随州市,湖北省,中国,31.7275,113.3583,0
2452A,市林业局,随州市,湖北省,中国,31.6908,113.3833,0
2453A,市立交桥水厂,随州市,湖北省,中国,31.7308,113.3983,0
2454A,湖北民院,恩施土家族苗族自治州,湖北省,中国,30.2981,109.4978,0
2455A,州电力总公司,恩施土家族苗族自治州,湖北省,中国,30.2798,109.4707,0
2456A,原169医院(对照点),衡阳市,湖南省,中国,26.9167,112.5003,0
2457A,衡阳化工总厂,衡阳市,湖南省,中国,26.9258,112.6194,0
2458A,珠晖区环保局,衡阳市,湖南省,中国,26.8956,112.6211,0
2459A,市委党校,衡阳市,湖南省,中国,26.8733,112.6197,0
2460A,市监测站,衡阳市,湖南省,中国,26.8919,112.6006,0
2461A,真空机电公司,衡阳市,湖南省,中国,26.9056,112.5664,0
2462A,市水土所(对照点),邵阳市,湖南省,中国,27.3033,111.5239,0
2463A,市一中,邵阳市,湖南省,中国,27.2317,111.4733,0
2464A,市化工厂,邵阳市,湖南省,中国,27.2442,111.5283,4
2465A,市罐头厂,邵阳市,湖南省,中国,27.2537,111.4503,0
2466A,市环保局,邵阳市,湖南省,中国,27.2272,111.4328,0
2467A,甘溪港(对照点),益阳市,湖南省,中国,28.6428,112.4067,0
2468A,市环保局,益阳市,湖南省,中国,28.5808,112.3458,0
2469A,市特殊教育学校,益阳市,湖南省,中国,28.5531,112.3437,0
2470A,资阳区政务中心,益阳市,湖南省,中国,28.6047,112.3347,0
2471A,赫山环保分局,益阳市,湖南省,中国,28.5819,112.3744,0
2472A,马头岭(对照点),郴州市,湖南省,中国,25.9061,113.0073,0
2473A,市职中,郴州市,湖南省,中国,25.8226,113.0116,0
2474A,兴隆步行街,郴州市,湖南省,中国,25.8001,113.0161,2
2475A,市审计局,郴州市,湖南省,中国,25.8071,113.0383,0
2476A,市环保局,郴州市,湖南省,中国,25.7759,113.0348,0
2477A,零陵南津渡(对照点),永州市,湖南省,中国,26.2081,111.6217,0
2478A,市环境监测站,永州市,湖南省,中国,26.4214,111.6156,0
2479A,零陵区环保局,永州市,湖南省,中国,26.2331,111.6236,0
2480A,永州市环保局,永州市,湖南省,中国,26.4364,111.5992,0
2481A,冷水滩区环保局,永州市,湖南省,中国,26.4519,111.5989,0
2482A,林科所(对照点),怀化市,湖南省,中国,27.5721,109.5981,0
2483A,河西地税局,怀化市,湖南省,中国,27.5444,109.9453,0
2484A,市四医院,怀化市,湖南省,中国,27.5342,109.9781,0
2485A,监测楼,怀化市,湖南省,中国,27.5578,109.9972,0
2486A,市委党校,怀化市,湖南省,中国,27.583,110.0394,0
2487A,电视发射台(对照点),娄底市,湖南省,中国,27.8901,111.9589,0
2488A,市监测站,娄底市,湖南省,中国,27.725,111.9975,0
2489A,市委党校,娄底市,湖南省,中国,27.7314,112.0194,0
2490A,涟钢,娄底市,湖南省,中国,27.7569,111.9561,0
2491A,市政府,娄底市,湖南省,中国,27.7044,111.9892,0
2492A,跃进水库(对照点),湘西土家族苗族自治州,湖南省,中国,28.2558,109.6414,0
2493A,州政府,湘西土家族苗族自治州,湖南省,中国,28.3169,109.7325,0
2494A,吉首市计生局,湘西土家族苗族自治州,湖南省,中国,28.2675,109.6958,0
2495A,市逸夫小学,梧州市,广西壮族自治区,中国,23.4832,111.3014,0
2496A,市十一中,梧州市,广西壮族自治区,中国,23.4794,111.3239,0
2497A,龙圩,梧州市,广西壮族自治区,中国,23.4189,111.247,2
2498A,龙新,梧州市,广西壮族自治区,中国,23.4835,111.2711,2
2499A,沙万,防城港市,广西壮族自治区,中国,21.6158,108.3411,0
2500A,防城档案局,防城港市,广西壮族自治区,中国,21.7731,108.3514,0
2501A,大海花园,防城港市,广西壮族自治区,中国,21.6414,108.3506,0
2502A,市环保站,钦州市,广西壮族自治区,中国,21.9667,108.6236,0
2503A,沙埠小学,钦州市,广西壮族自治区,中国,21.9481,108.6549,0
2504A,港区一小,钦州市,广西壮族自治区,中国,21.7431,108.5989,0
2505A,德智高中(对照点),贵港市,广西壮族自治区,中国,23.1478,109.568,0
2506A,江南子站,贵港市,广西壮族自治区,中国,23.0666,109.6047,0
2507A,贵城子站,贵港市,广西壮族自治区,中国,23.0948,109.6014,0
2508A,荷城子站,贵港市,广西壮族自治区,中国,23.1065,109.5669,0
2509A,寒山水库(对照点),玉林市,广西壮族自治区,中国,22.7019,110.1106,0
2510A,市监测站,玉林市,广西壮族自治区,中国,22.6411,110.1675,0
2511A,南江一中,玉林市,广西壮族自治区,中国,22.6164,110.1433,0
2512A,市监测站,百色市,广西壮族自治区,中国,23.9011,106.6103,0
2513A,市中心血站,百色市,广西壮族自治区,中国,23.8859,106.6538,0
2514A,环保小区,贺州市,广西壮族自治区,中国,24.4172,111.5264,0
2515A,政协大楼,贺州市,广西壮族自治区,中国,24.4078,111.5608,0
2516A,东仁乐园(对照点),河池市,广西壮族自治区,中国,24.715,108.2011,0
2517A,市环保站,河池市,广西壮族自治区,中国,24.6947,108.0497,0
2518A,市疾控中心,河池市,广西壮族自治区,中国,24.6989,108.0983,0
2519A,来宾二中,来宾市,广西壮族自治区,中国,23.7361,109.2328,2
2520A,来宾技工学校,来宾市,广西壮族自治区,中国,23.7256,109.2203,0
2521A,市环保局江州分局,崇左市,广西壮族自治区,中国,22.4136,107.3476,0
2522A,城南新区,崇左市,广西壮族自治区,中国,22.3707,107.3702,0
2523A,黑石坡(对照点),广元市,四川省,中国,32.4535,105.8945,0
2524A,老城,广元市,四川省,中国,32.4444,105.821,0
2525A,南坝,广元市,四川省,中国,32.4246,105.8153,0
2526A,监测站,广元市,四川省,中国,32.4287,105.8628,0
2527A,石溪浩(对照点),遂宁市,四川省,中国,30.5678,105.5453,0
2528A,市监测站,遂宁市,四川省,中国,30.5232,105.5582,11
2529A,行政中心,遂宁市,四川省,中国,30.5366,105.5861,11
2530A,美宁食品公司,遂宁市,四川省,中国,30.4728,105.5918,0
2531A,市监测站,内江市,四川省,中国,29.61,105.0703,4
2532A,东兴区政府,内江市,四川省,中国,29.5947,105.0717,0
2533A,内江二中,内江市,四川省,中国,29.5817,105.0653,0
2534A,内江日报社,内江市,四川省,中国,29.5822,105.0406,0
2535A,花湖湾(对照点),乐山市,四川省,中国,29.5462,103.7723,0
2536A,牛耳桥,乐山市,四川省,中国,29.5844,103.7627,0
2537A,市第三水厂,乐山市,四川省,中国,29.6006,103.7508,0
2538A,市监测站,乐山市,四川省,中国,29.5664,103.7571,0
2539A,黑龙滩水库(对照点),眉山市,四川省,中国,30.0478,104.0308,0
2540A,气象局,眉山市,四川省,中国,30.0874,103.8416,0
2541A,旭光小区,眉山市,四川省,中国,30.0691,103.8495,0
2542A,市监测站,眉山市,四川省,中国,30.062,103.8341,0
2543A,小平旧居(对照点),广安市,四川省,中国,30.5278,106.6308,0
2544A,市委,广安市,四川省,中国,30.4576,106.6303,0
2545A,友谊中学,广安市,四川省,中国,30.4663,106.6271,0
2546A,人工湖,广安市,四川省,中国,30.4844,106.6406,0
2547A,广电花园,广安市,四川省,中国,30.4551,106.6388,0
2548A,达州职业技术学院(对照点),达州市,四川省,中国,31.2827,107.5277,0
2549A,市环境监测站,达州市,四川省,中国,31.2186,107.5086,2
2550A,凤凰小区,达州市,四川省,中国,31.2132,107.4988,0
2551A,达县机关宾馆,达州市,四川省,中国,31.1986,107.5082,0
2552A,市政中心,达州市,四川省,中国,31.2124,107.4644,0
2553A,大兴526台(对照点),雅安市,四川省,中国,30.0125,103.009,0
2554A,建安厂,雅安市,四川省,中国,30.02,103.0475,5
2555A,市政府,雅安市,四川省,中国,29.9833,103.0111,0
2556A,川农大,雅安市,四川省,中国,29.9775,102.9905,0
2557A,南龛公园,巴中市,四川省,中国,31.8475,106.7583,0
2558A,市环保局,巴中市,四川省,中国,31.8711,106.7389,0
2559A,巴中中学,巴中市,四川省,中国,31.8531,106.7594,0
2560A,市六中,巴中市,四川省,中国,31.8456,106.7608,0
2561A,莲花山(对照点),资阳市,四川省,中国,30.1372,104.6617,0
2562A,资阳中学,资阳市,四川省,中国,30.1506,104.6356,0
2563A,四三一厂,资阳市,四川省,中国,30.1383,104.6295,0
2564A,师范校,资阳市,四川省,中国,30.1146,104.6463,0
2565A,区法院,资阳市,四川省,中国,30.1256,104.6296,0
2566A,州农科所(对照点),阿坝藏族羌族自治州,四川省,中国,31.914,102.1879,0
2567A,州监测站,阿坝藏族羌族自治州,四川省,中国,31.9037,102.224,0
2568A,马师校,阿坝藏族羌族自治州,四川省,中国,31.8896,102.2502,2
2569A,将军桥,甘孜藏族自治州,四川省,中国,30.0506,101.9628,0
2570A,水桥子,甘孜藏族自治州,四川省,中国,30.0475,101.9603,0
2571A,青龙寺(对照点),凉山彝族自治州,四川省,中国,27.8099,102.3431,0
2572A,邛海宾馆,凉山彝族自治州,四川省,中国,27.8415,102.2721,0
2573A,西昌市政府,凉山彝族自治州,四川省,中国,27.898,102.2625,0
2574A,凉山州政府,凉山彝族自治州,四川省,中国,27.8851,102.2685,0
2575A,长安,凉山彝族自治州,四川省,中国,27.8914,102.237,0
2576A,窑上(对照点),六盘水市,贵州省,中国,26.5892,104.8,0
2577A,黄土坡,六盘水市,贵州省,中国,26.5917,104.83,0
2578A,水钢,六盘水市,贵州省,中国,26.5939,104.89,0
2579A,民中,六盘水市,贵州省,中国,26.5894,104.8475,0
2580A,双水,六盘水市,贵州省,中国,26.5506,104.9544,0
2581A,虹机厂子校,安顺市,贵州省,中国,26.2611,105.9556,0
2582A,市一中,安顺市,贵州省,中国,26.255,105.9278,0
2583A,铁路子校,安顺市,贵州省,中国,26.2358,105.9394,0
2584A,龙岩子校,安顺市,贵州省,中国,26.2392,105.8853,0
2585A,铜仁卫校,铜仁市,贵州省,中国,27.7344,109.1839,0
2586A,铜仁七中,铜仁市,贵州省,中国,27.6944,109.1753,3
2587A,八中,毕节市,贵州省,中国,27.3125,105.2864,0
2588A,师专,毕节市,贵州省,中国,27.2944,105.31,0
2589A,场坝街,黔西南布依族苗族自治州,贵州省,中国,25.0925,104.9022,0
2590A,坪东大道,黔西南布依族苗族自治州,贵州省,中国,25.0992,104.8811,0
2591A,市环境监测站,黔东南苗族侗族自治州,贵州省,中国,26.5747,107.9783,0
2592A,马坡井小学,黔东南苗族侗族自治州,贵州省,中国,26.5663,107.9522,12
2593A,小围寨,黔南布依族苗族自治州,贵州省,中国,26.2403,107.5228,0
2594A,市环境监测站,保山市,云南省,中国,25.1081,99.1678,0
2595A,市环保局,保山市,云南省,中国,25.1328,99.1711,0
2596A,监测站,昭通市,云南省,中国,27.3736,103.7667,7
2597A,环保局,昭通市,云南省,中国,27.3361,103.7225,0
2598A,西南郊(对照点),丽江市,云南省,中国,26.8576,100.2143,0
2599A,丽江古城,丽江市,云南省,中国,26.8802,100.2497,0
2600A,市中心,丽江市,云南省,中国,26.8906,100.2203,0
2601A,市环保局,普洱市,云南省,中国,22.7633,100.98,0
2602A,普洱第二中学,普洱市,云南省,中国,22.8322,100.9817,0
2603A,市环保局,临沧市,云南省,中国,23.8982,100.0781,2
2604A,市气象局,临沧市,云南省,中国,23.8822,100.0894,2
2605A,州环境监测站,楚雄彝族自治州,云南省,中国,25.0441,101.5482,0
2606A,市经济开发区,楚雄彝族自治州,云南省,中国,25.0492,101.538,0
2607A,雨过铺,红河哈尼族彝族自治州,云南省,中国,23.4626,103.3113,0
2608A,污水处理厂,红河哈尼族彝族自治州,云南省,中国,23.3993,103.3772,0
2609A,监测站,红河哈尼族彝族自治州,云南省,中国,23.35,103.3861,7
2610A,州水务局,文山壮族苗族自治州,云南省,中国,23.3594,104.2533,0
2611A,市便民服务中心,文山壮族苗族自治州,云南省,中国,23.3892,104.2319,0
2612A,景洪市江南,西双版纳傣族自治州,云南省,中国,22.0019,100.7939,0
2613A,景洪市江北,西双版纳傣族自治州,云南省,中国,22.0225,100.8017,0
2614A,大理市环境监测站,大理白族自治州,云南省,中国,25.7054,100.1542,0
2615A,大理古城,大理白族自治州,云南省,中国,25.5811,100.2171,0
2616A,德宏州监测站,德宏傣族景颇族自治州,云南省,中国,24.428,98.5842,0
2617A,芒市建设局(停运200103),德宏傣族景颇族自治州,云南省,中国,24.441,98.578,0
2618A,州监测站,怒江傈僳族自治州,云南省,中国,25.8567,98.8601,0
2619A,泸水一中,怒江傈僳族自治州,云南省,中国,25.8417,98.8546,0
2620A,古城（20180930停运）,迪庆藏族自治州,云南省,中国,27.8136,99.7064,0
2621A,迪庆州站,迪庆藏族自治州,云南省,中国,27.8317,99.7056,0
2622A,昌都监测站,西藏自治区,西藏自治区,中国,31.1273,97.1806,0
2623A,昌都地区昌都坝(停运200514),西藏自治区,西藏自治区,中国,31.1254,97.1809,0
2624A,山南监测站,西藏自治区,西藏自治区,中国,29.2313,91.7608,0
2625A,山南人民医院,西藏自治区,西藏自治区,中国,29.2436,91.7706,2
2626A,日喀则监测站,西藏自治区,西藏自治区,中国,29.2718,88.8876,0
2627A,日喀则鸿达公司,西藏自治区,西藏自治区,中国,29.2365,88.8931,0
2628A,那曲监测站,西藏自治区,西藏自治区,中国,31.4846,92.0657,0
2629A,那曲嘉兴医院,西藏自治区,西藏自治区,中国,31.4733,92.0505,0
2630A,阿里监测站,西藏自治区,西藏自治区,中国,32.5,80.1161,0
2631A,阿里地委(20181130停用),西藏自治区,西藏自治区,中国,32.5039,80.0895,0
2632A,林芝监测站,西藏自治区,西藏自治区,中国,29.6376,94.3681,0
2633A,林芝人民医院,西藏自治区,西藏自治区,中国,29.6616,94.3616,0
2634A,汉川机床厂子校(对照点),汉中市,陕西省,中国,33.1842,106.9893,0
2635A,市监测站,汉中市,陕西省,中国,33.0706,107.0154,0
2636A,鑫源开发区,汉中市,陕西省,中国,33.1138,107.0089,0
2637A,南郑大河坎水厂,汉中市,陕西省,中国,33.0323,107.007,0
2638A,红石峡森林公园(对照点),榆林市,陕西省,中国,38.3344,109.7414,0
2639A,世纪广场,榆林市,陕西省,中国,38.2911,109.7456,0
2640A,实验中学,榆林市,陕西省,中国,38.2839,109.7289,0
2641A,环保监测大楼,榆林市,陕西省,中国,38.2478,109.7336,0
2642A,香溪洞(对照点),安康市,陕西省,中国,32.6537,109.0318,0
2643A,安康市监测站,安康市,陕西省,中国,32.6939,109.0281,0
2644A,汉滨区检察院,安康市,陕西省,中国,32.6975,109.0072,0
2645A,监测站,商洛市,陕西省,中国,33.8715,109.9154,0
2646A,东龙山气象局,商洛市,陕西省,中国,33.8509,109.966,0
2647A,第三小学,白银市,甘肃省,中国,36.5446,104.1724,0
2648A,动力公司,白银市,甘肃省,中国,36.5482,104.1465,3
2649A,麦积山(对照点),天水市,甘肃省,中国,34.343,106.0055,0
2650A,公园小学,天水市,甘肃省,中国,34.5786,105.7205,0
2651A,麦积国土局,天水市,甘肃省,中国,34.5538,105.8945,0
2652A,监测站,武威市,甘肃省,中国,37.9251,102.6201,0
2653A,雷台(190211停运),武威市,甘肃省,中国,37.9358,102.6469,0
2654A,润泉湖,张掖市,甘肃省,中国,38.9524,100.4698,0
2655A,区工会,张掖市,甘肃省,中国,38.9422,100.4154,0
2656A,聚贤嘉苑,平凉市,甘肃省,中国,35.5461,106.6692,0
2657A,博物馆,平凉市,甘肃省,中国,35.5307,106.7021,0
2658A,仓门街子站,酒泉市,甘肃省,中国,39.7443,98.5061,0
2659A,油田生活基地,酒泉市,甘肃省,中国,39.7256,98.4989,0
2660A,区环保局(对照点),庆阳市,甘肃省,中国,35.7289,107.6831,0
2661A,庆阳五中,庆阳市,甘肃省,中国,35.7357,107.6325,0
2662A,市环保局,庆阳市,甘肃省,中国,35.7067,107.6364,0
2663A,东关小学,定西市,甘肃省,中国,35.5734,104.6241,0
2664A,供电公司,定西市,甘肃省,中国,35.5934,104.6194,0
2665A,汉王镇固水子(对照点),陇南市,甘肃省,中国,33.3261,105.0822,0
2666A,市林业局,陇南市,甘肃省,中国,33.3706,104.9583,12
2667A,环保局,临夏回族自治州,甘肃省,中国,35.5993,103.2069,0
2668A,建设大厦,临夏回族自治州,甘肃省,中国,35.6057,103.2417,0
2669A,州政府,甘南藏族自治州,甘肃省,中国,34.9841,102.9099,0
2670A,平安县,海东市,青海省,中国,36.4997,102.1086,0
2671A,海晏县西海镇,海北藏族自治州,青海省,中国,36.9639,100.9048,0
2672A,同仁县隆务镇,黄南藏族自治州,青海省,中国,35.5102,102.0199,0
2673A,共和县恰卜恰镇,海南藏族自治州,青海省,中国,36.2866,100.6188,0
2674A,玛沁县大武镇,果洛藏族自治州,青海省,中国,34.4714,100.2561,0
2675A,玉树县结古镇,玉树藏族自治州,青海省,中国,33.0014,97.0,0
2676A,德令哈市,海西蒙古族藏族自治州,青海省,中国,37.3753,97.3731,0
2677A,教育园区,吴忠市,宁夏回族自治区,中国,37.9648,106.1532,0
2678A,高级中学,吴忠市,宁夏回族自治区,中国,37.9844,106.2025,0
2679A,新区二泵站,吴忠市,宁夏回族自治区,中国,37.9956,106.1856,3
2680A,沙坡头消防站(对照点),中卫市,宁夏回族自治区,中国,37.4635,105.0025,0
2681A,官桥站,中卫市,宁夏回族自治区,中国,37.0172,105.18,0
2682A,环保局站,中卫市,宁夏回族自治区,中国,37.5002,105.1971,0
2683A,马园(对照点),固原市,宁夏回族自治区,中国,36.1417,106.2319,0
2684A,监测站,固原市,宁夏回族自治区,中国,36.0022,106.2792,0
2685A,新区,固原市,宁夏回族自治区,中国,36.0211,106.2375,0
2686A,市环保局,新疆维吾尔自治区,新疆维吾尔自治区,中国,42.9418,89.1904,0
2687A,地区环保局,新疆维吾尔自治区,新疆维吾尔自治区,中国,42.9559,89.1673,0
2688A,地区监测站,新疆维吾尔自治区,新疆维吾尔自治区,中国,42.8172,93.5128,0
2689A,哈密师范学校,新疆维吾尔自治区,新疆维吾尔自治区,中国,42.8328,93.4961,0
2690A,天山天池(对照点),新疆维吾尔自治区,新疆维吾尔自治区,中国,43.8886,88.1236,0
2691A,州监测站,新疆维吾尔自治区,新疆维吾尔自治区,中国,44.0114,87.2997,0
2692A,新区政务中心,新疆维吾尔自治区,新疆维吾尔自治区,中国,44.0297,87.2717,0
2693A,市党校,新疆维吾尔自治区,新疆维吾尔自治区,中国,44.8556,82.0485,0
2694A,市环保局,新疆维吾尔自治区,新疆维吾尔自治区,中国,44.8969,82.0806,0
2695A,电视台,新疆维吾尔自治区,新疆维吾尔自治区,中国,41.1694,80.292,0
2696A,艺术中心,新疆维吾尔自治区,新疆维吾尔自治区,中国,41.1551,80.2613,4
2697A,市人民政府,新疆维吾尔自治区,新疆维吾尔自治区,中国,39.7142,76.1454,5
2698A,巡警大队,新疆维吾尔自治区,新疆维吾尔自治区,中国,39.4467,76.0072,10
2699A,吾办,新疆维吾尔自治区,新疆维吾尔自治区,中国,39.4694,75.9755,0
2700A,市环境监测站,新疆维吾尔自治区,新疆维吾尔自治区,中国,39.4682,75.9538,4
2701A,地区站(停运200629),新疆维吾尔自治区,新疆维吾尔自治区,中国,37.1152,79.9485,0
2702A,古江巴格乡院内(停运200629),新疆维吾尔自治区,新疆维吾尔自治区,中国,37.1013,79.9117,0
2703A,市环保局,新疆维吾尔自治区,新疆维吾尔自治区,中国,43.9404,81.2815,0
2704A,新政府片区,新疆维吾尔自治区,新疆维吾尔自治区,中国,43.9174,81.2996,3
2705A,第二水厂,新疆维吾尔自治区,新疆维吾尔自治区,中国,43.941,81.3364,0
2706A,东门外小游园,新疆维吾尔自治区,新疆维吾尔自治区,中国,46.7432,82.9994,0
2707A,小东沟(对照点),新疆维吾尔自治区,新疆维吾尔自治区,中国,47.9047,88.1214,0
2708A,市站,新疆维吾尔自治区,新疆维吾尔自治区,中国,47.8517,88.1264,0
2709A,艾青诗歌馆,新疆维吾尔自治区,新疆维吾尔自治区,中国,44.2967,86.0497,0
2710A,阳光学校,新疆维吾尔自治区,新疆维吾尔自治区,中国,44.3075,86.0697,0
2711A,农水大厦,新疆维吾尔自治区,新疆维吾尔自治区,中国,44.1756,87.5475,0
2835A,四十中小,攀枝花市,四川省,中国,26.567,101.7227,0
2842A,湖里中学,厦门市,福建省,中国,24.5058,118.0936,0
2845A,德盛苑,长治市,山西省,中国,36.1911,113.1569,0
2846A,体育西,广州市,广东省,中国,23.1322,113.3221,0
2858A,河西一经路,天津市,天津市,中国,39.2474,117.7918,0
2859A,津沽路,天津市,天津市,中国,38.9846,117.3747,0
2860A,宾水西道,天津市,天津市,中国,39.0845,117.1589,0
2862A,22中南校区,石家庄市,河北省,中国,38.0378,114.5481,0
2865A,榆次三中,晋中市,山西省,中国,37.6828,112.7195,0
2866A,外滩首府,运城市,山西省,中国,35.0439,111.0522,0
2867A,马茂庄小学,吕梁市,山西省,中国,37.51,111.1283,0
2868A,九站,吉林市,吉林省,中国,43.953,126.4739,0
2869A,五台山医院,扬州市,江苏省,中国,32.4155,119.447,2
2870A,市疾控中心,镇江市,江苏省,中国,32.1873,119.4424,0
2871A,万里国际学校,宁波市,浙江省,中国,29.9017,121.6147,0
2872A,南湖区残联,嘉兴市,浙江省,中国,30.7525,120.7846,0
2873A,仁皇山新区,湖州市,浙江省,中国,30.8955,120.0875,0
2874A,益益乳业工业园(停运200626),淮南市,安徽省,中国,32.646,117.0412,0
2875A,阜阳职业技术学院,阜阳市,安徽省,中国,32.8892,115.784,0
2876A,幼特教师范,潍坊市,山东省,中国,36.7339,119.0841,0
2877A,坊子邮政,潍坊市,山东省,中国,36.6523,119.1641,0
2878A,聊大东校,聊城市,山东省,中国,36.4343,116.0072,0
2880A,大石西路,成都市,四川省,中国,30.6558,104.0219,0
2881A,凯里学院,黔东南苗族侗族自治州,贵州省,中国,26.5311,107.8908,0
2882A,玉溪一中,玉溪市,云南省,中国,24.3703,102.5389,0
2883A,文体中心,玉溪市,云南省,中国,24.3389,102.5381,0
2884A,酒钢宾馆,嘉峪关市,甘肃省,中国,39.7978,98.2672,0
2885A,滨江中学,陇南市,甘肃省,中国,33.3826,104.9339,0
2897A,沈辽西路,沈阳市,辽宁省,中国,41.7347,123.2444,0
2900A,裕农路,沈阳市,辽宁省,中国,41.9086,123.5953,0
2902A,北辰小学,广安市,四川省,中国,30.4865,106.6351,0
2907A,吴兴区站,湖州市,浙江省,中国,30.8596,120.1844,0
2914A,苏山坪(对照点),巴中市,四川省,中国,31.8794,106.7677,0
2915A,职业中学,巴中市,四川省,中国,31.84139,106.7619,2
2916A,老干部局(停运190815),池州市,安徽省,中国,30.66,117.49,0
2919A,河北工业大学,廊坊市,河北省,中国,39.5453,116.7022,0
2920A,蓝田镇,漳州市,福建省,中国,24.506,117.7116,0
2921A,树下王站,绍兴市,浙江省,中国,30.0003,120.5483,11
2922A,大理道,天津市,天津市,中国,39.1067,117.1941,0
2923A,供排水公司(停运200102),大同市,山西省,中国,40.1114,113.2803,0
2924A,水乡路,银川市,宁夏回族自治区,中国,38.4418,106.2266,0
2925A,上海东路,银川市,宁夏回族自治区,中国,38.4842,106.2757,0
2926A,文昌北街,银川市,宁夏回族自治区,中国,38.497,106.1015,0
2929A,红卫路,黄冈市,湖北省,中国,30.4519,114.8858,0
2994A,武警支队(启用161031),金华市,浙江省,中国,29.1128,119.6533,0
2996A,市供电局,宿迁市,江苏省,中国,33.965,118.283,0
2997A,王营,泰州市,江苏省,中国,32.3289,119.8767,0
3000A,德源药业,连云港市,江苏省,中国,34.6972,119.3581,0
3002A,行政中心,常州市,江苏省,中国,31.8174,119.9805,0
3003A,经开区,常州市,江苏省,中国,31.7748,120.0522,0
3004A,宝龙广场,盐城市,江苏省,中国,33.3663,120.1544,0
3005A,鼓楼区政府,徐州市,江苏省,中国,34.29,117.1814,0
3006A,铜山区招生办,徐州市,江苏省,中国,34.1781,117.1694,0
3008A,胡沟管理处,连云港市,江苏省,中国,34.7519,119.3608,0
3009A,矿山设计院,连云港市,江苏省,中国,34.5911,119.1478,0
3010A,钟楼,常州市,江苏省,中国,31.7964,119.9025,2
3012A,西山林语,荆门市,湖北省,中国,31.0362,112.1849,0
3014A,歇台子,重庆市,重庆市,中国,29.5346,106.4958,0
3015A,龙井湾,重庆市,重庆市,中国,29.5728,106.4037,0
3016A,龙洲湾,重庆市,重庆市,中国,29.4153,106.5507,0
3018A,唐尧大酒店,临汾市,山西省,中国,36.1014,111.505,0
3019A,西沙,三沙市,海南省,中国,16.8307,112.3387,12
3020A,中山北路,天津市,天津市,中国,39.1699,117.2101,0
3021A,濮水河管理处,濮阳市,河南省,中国,35.7668,115.0,0
3022A,凯旋路小学,洛阳市,河南省,中国,34.6686,112.4433,0
3025A,技师学院,清远市,广东省,中国,23.6344,113.0477,0
3026A,市政府,潮州市,广东省,中国,23.6608,116.6183,0
3027A,青杠林路,自贡市,四川省,中国,29.3427,104.72,0
3033A,培训基地,新疆维吾尔自治区,新疆维吾尔自治区,中国,43.4569,87.4651,0
3028A,檀木林体育馆,自贡市,四川省,中国,29.3627,104.776,0
3034A,光明街小学,乌兰察布市,内蒙古自治区,中国,41.0385,113.1076,0
3035A,北滨河,兴安盟,内蒙古自治区,中国,46.0707,122.0931,0
3036A,开发区管委会,东营市,山东省,中国,37.4338,118.6904,0
3038A,州图书馆,红河哈尼族彝族自治州,云南省,中国,23.368,103.3758,0
3039A,三门峡市第一小学,三门峡市,河南省,中国,34.7829,111.1911,0
3046A,机电学校,南昌市,江西省,中国,28.6062,115.9084,0
3048A,九龙,福州市,福建省,中国,26.0936,119.5799,0
3051A,西四道,天津市,天津市,中国,39.1488,117.3876,0
3054A,市委党校,新乡市,河南省,中国,35.2847,113.9194,11
3057A,牟平检察院,烟台市,山东省,中国,37.4014,121.5992,0
3058A,银河街,赤峰市,内蒙古自治区,中国,42.0353,119.2658,0
3059A,泰兴公司,济南市,山东省,中国,36.2049,117.7161,0
3061A,国华电力东,呼伦贝尔市,内蒙古自治区,中国,49.1577,119.7512,0
3064A,莱芜战役纪念馆,济南市,山东省,中国,36.2171,117.6867,2
3065A,州环保局,甘孜藏族自治州,四川省,中国,29.9972,101.9533,0
3066A,九衢泉纯净水厂,德州市,山东省,中国,37.4379,116.2721,0
3045A,商州区中学,商洛市,陕西省,中国,33.8471,109.9643,0
3055A,城北区政府,西宁市,青海省,中国,36.6428,101.7775,0
3128A,那曲会议中心,西藏自治区,西藏自治区,中国,31.4797,92.0506,0
3129A,平安高铁新区,海东市,青海省,中国,36.5067,102.0306,0
3133A,上清寺,重庆市,重庆市,中国,29.5654,106.5468,0
3134A,市一中,许昌市,河南省,中国,34.0339,113.8172,0
3122A,伍家关(对照点),安顺市,贵州省,中国,26.2611,105.9606,0
3123A,凤凰山,安顺市,贵州省,中国,26.2431,105.9408,0
3124A,金钟山,安顺市,贵州省,中国,26.2564,105.9439,0
3125A,娄家坡,安顺市,贵州省,中国,26.2481,105.8983,0
3131A,烟厂,张家口市,河北省,中国,40.7993,114.879,0
3132A,文明里,秦皇岛市,河北省,中国,39.943889,119.610547,11
3136A,龙泉驿区区政府,成都市,四川省,中国,30.5589,104.2725,0
3138A,武陵区永安,常德市,湖南省,中国,29.0289,111.7153,0
3139A,鼎城区玉霞,常德市,湖南省,中国,28.9881,111.6892,0
3140A,武陵区长庚,常德市,湖南省,中国,29.0531,111.6625,0
3141A,信访局,安阳市,河南省,中国,36.0878,114.3922,0
3137A,市委党校,眉山市,四川省,中国,30.0744,103.8578,0
3147A,龙亭公园,开封市,河南省,中国,34.8106,114.3438,0
3148A,区人社局,眉山市,四川省,中国,30.0564,103.8291,0
3149A,笔架山北路,黄石市,湖北省,中国,30.1578,115.0235,0
3153A,民族大道182号,武汉市,湖北省,中国,30.4908,114.3877,0
3164A,广陵建设局,扬州市,江苏省,中国,32.3942,119.4686,0
3165A,两寺渡,咸阳市,陕西省,中国,34.2969,108.6594,0
3169A,太极体育中心,焦作市,河南省,中国,35.2071,113.2725,0
3170A,市委党校,金昌市,甘肃省,中国,38.5253,102.1864,0
3173A,市人大,安庆市,安徽省,中国,30.5351,117.0598,0
3178A,潍坊七中,潍坊市,山东省,中国,36.721,119.0587,0
3179A,官渡区博物馆,昆明市,云南省,中国,25.0119,102.7494,0
3180A,质量技术监督局,迪庆藏族自治州,云南省,中国,27.8094,99.7136,0
3182A,丽阳花园,巴中市,四川省,中国,31.8545,106.7656,0
3183A,圣泉水务公司,巴中市,四川省,中国,31.8654,106.7418,0
3184A,市委党校,哈尔滨市,黑龙江省,中国,45.7219,126.6203,0
3185A,巨轮,太原市,山西省,中国,37.8964,112.5628,0
3186A,教育港,兰州市,甘肃省,中国,36.1058,103.7158,5
3188A,市城管局,衡水市,河北省,中国,37.7217,115.6683,2
3190A,外国语学校,九江市,江西省,中国,29.6994,116.0254,0
3187A,远航博物馆,宿州市,安徽省,中国,33.666,116.9509,0
3191A,宿豫区政府,宿迁市,江苏省,中国,33.9447,118.3225,0
3195A,市体育局,扬州市,江苏省,中国,32.3972,119.3633,0
3194A,管委会,荆州市,湖北省,中国,30.3122,112.2747,0
3151A,宜春学院北校区,宜春市,江西省,中国,27.8097,114.375,0
3201A,东关招商场,武威市,甘肃省,中国,37.9325,102.6486,0
3171A,梁园区档案局,商丘市,河南省,中国,34.4465,115.6071,0
3200A,监控中心,聊城市,山东省,中国,36.4978,115.9819,0
3206A,新钢沁园村,新余市,江西省,中国,27.807,114.9149,0
3204A,规划局,平顶山市,河南省,中国,33.73,113.3025,0
3207A,市政府原办公楼,滁州市,安徽省,中国,32.3038,118.3118,0
3208A,市政府,忻州市,山西省,中国,38.4153,112.7283,0
3209A,宁德一中,宁德市,福建省,中国,26.6562,119.5231,0
3210A,汴京公园,开封市,河南省,中国,34.7964,114.3644,0
3216A,漳州党校,河源市,广东省,中国,24.5183,114.6622,0
2998A,胡沟管理处,连云港市,江苏省,中国,34.7519,119.3608,0
2999A,矿山设计院,连云港市,江苏省,中国,34.5911,119.1478,0
3237A,展览馆,池州市,安徽省,中国,30.6617,117.4918,0
3238A,济民医院(对照点),芜湖市,安徽省,中国,31.3946,118.3954,0
3239A,银鹰制药,辽源市,吉林省,中国,42.9078,125.0764,0
3662A,富区青少年活动中心,齐齐哈尔市,黑龙江省,中国,47.2075,123.6333,0
3663A,红旗社区,大兴安岭地区,黑龙江省,中国,50.4278,124.1164,0
3668A,城南,临汾市,山西省,中国,36.0414,111.5036,0
3676A,第二人民医院,大同市,山西省,中国,40.0995,113.2802,0
3677A,芒市人民政府综合楼,德宏傣族景颇族自治州,云南省,中国,24.4368,98.5881,0
3678A,市第七中学,济宁市,山东省,中国,35.4054,116.5907,0
3682A,济南四建,济南市,山东省,中国,36.6819,116.9814,0
3683A,昆区政府,包头市,内蒙古自治区,中国,40.6576,109.8331,0
3684A,新建矿广场,七台河市,黑龙江省,中国,45.8222,130.8781,7
3685A,双创科技城,上饶市,江西省,中国,28.4315,117.897,0
3690A,外国语学校,南昌市,江西省,中国,28.7031,115.9721,0
3692A,消防缸窑路中队,唐山市,河北省,中国,39.6585,118.2059,0
3693A,路南电大,唐山市,河北省,中国,39.6202,118.1436,0
3698A,红旗小学,呼和浩特市,内蒙古自治区,中国,40.8178,111.5968,0
3699A,海东办,呼和浩特市,内蒙古自治区,中国,40.8389,111.6518,0
3701A,皖北煤电集团,宿州市,安徽省,中国,33.6252,116.9648,0
3703A,安钢职工学校,安阳市,河南省,中国,36.0949,114.2917,0
3706A,老干部活动中心,通辽市,内蒙古自治区,中国,43.6333,122.2584,0
3288A,大泉街道,徐州市,江苏省,中国,34.4422,117.4754,2
3422A,江宁彩虹桥,南京市,江苏省,中国,31.9198,118.8436,0
3423A,溧水永阳,南京市,江苏省,中国,31.6494,119.0138,0
3424A,高淳老职中,南京市,江苏省,中国,31.3302,118.879,0
3427A,六合雄州,南京市,江苏省,中国,32.3578,118.8554,0
3486A,植物园,四平市,吉林省,中国,43.1411,124.4036,0
3494A,济阳区政府,济南市,山东省,中国,36.9782,117.1673,0
3495A,锦屏中学,济南市,山东省,中国,36.63,117.1171,0
3700A,康养中心(对照点),雅安市,四川省,中国,29.9956,103.0456,3
3707A,欧美日汽修厂,鸡西市,黑龙江省,中国,45.3073,131.0207,0
3708A,东方明珠社区,通辽市,内蒙古自治区,中国,43.6189,122.2922,0
3709A,市政设施管理处,鸡西市,黑龙江省,中国,45.3106,130.9967,0
3710A,白沙活动中心,宁波市,浙江省,中国,29.8975,121.5594,0
3713A,世纪城,四平市,吉林省,中国,43.1666,124.3419,2
3715A,蚌埠田家炳中学,蚌埠市,安徽省,中国,32.9314,117.3092,0
2894A,经济技术开发区消防队,淮南市,安徽省,中国,32.6531,117.0566,0
3192A,阿里藏医院,西藏自治区,西藏自治区,中国,32.5028,80.0903,0
3329A,山南新区,淮南市,安徽省,中国,32.5893,117.0108,0
3345A,中波台,七台河市,黑龙江省,中国,45.7879,131.0577,0
3362A,即墨2号,青岛市,山东省,中国,36.4034,120.5014,0
3363A,新区,淄博市,山东省,中国,36.8372,117.9883,0
3365A,垦利区民丰路,东营市,山东省,中国,37.565,118.5719,0
3413A,广丰区教体局,上饶市,江西省,中国,28.4401,118.1953,0
3456A,鹿泉一中,石家庄市,河北省,中国,38.0906,114.289,0
3498A,河口城区,东营市,山东省,中国,37.8612,118.5055,0
3502A,国网新校,泰安市,山东省,中国,36.2275,117.1812,0
3503A,交通技校,泰安市,山东省,中国,36.2018,117.0313,0
3504A,山东第一医科大学,泰安市,山东省,中国,36.13,117.0829,0
3572A,栾城区政府,石家庄市,河北省,中国,37.9001925,114.6419615,0
3573A,藁城区实验学校,石家庄市,河北省,中国,38.0322033,114.8506765,0
3574A,井陉矿区区委大楼,石家庄市,河北省,中国,38.0591645,114.0504658,0
3614A,地区环保局,新疆维吾尔自治区,新疆维吾尔自治区,中国,37.0877,79.924,0
3615A,市环保局,新疆维吾尔自治区,新疆维吾尔自治区,中国,37.113,79.9131,0
3631A,高新区,石家庄市,河北省,中国,38.0266,114.6063,0
3637A,人民广场,七台河市,黑龙江省,中国,45.7761,131.0176,0
3642A,市北区南部,青岛市,山东省,中国,36.0736,120.3503,0
3643A,李沧区北部,青岛市,山东省,中国,36.1805,120.3948,0
3644A,三金集团,淄博市,山东省,中国,36.805,117.8661,0
3645A,东风化工厂,淄博市,山东省,中国,36.8406,118.0253,0
3646A,胜利站,东营市,山东省,中国,37.4623,118.4978,0
3667A,水利职院,运城市,山西省,中国,35.0547,111.0283,11
3670A,禹都公园,运城市,山西省,中国,35.0439,111.0522,0
3719A,昌都会议中心,西藏自治区,西藏自治区,中国,31.1406,97.1714,0
3726A,林业技术推广中心,西藏自治区,西藏自治区,中国,29.2426,88.8781,0
3728A,白酒学院,宜宾市,四川省,中国,28.8071,104.68,11
3734A,理想之城,滨州市,山东省,中国,37.26,118.35,11
3007A,新城一中,连云港市,江苏省,中国,34.844,119.178,0
3109A,赣县区卫计委,赣州市,江西省,中国,25.8613,115.0093,0
3241A,百合公园,兰州市,甘肃省,中国,36.0842,103.7439,0
3242A,和平,兰州市,甘肃省,中国,35.998,103.9611,0
3245A,新区管委会,兰州市,甘肃省,中国,36.533,103.6633,0
3246A,舟曲中学,兰州市,甘肃省,中国,36.4789,103.6975,0
3247A,市总工会,陇南市,甘肃省,中国,33.371,104.955,0
3248A,雄关区,嘉峪关市,甘肃省,中国,39.7724,98.2643,0
3265A,宝山庙行,上海市,上海市,中国,31.3322,121.4316,0
3266A,崇明上实东滩,上海市,上海市,中国,31.4662,121.8791,0
3268A,嘉定南翔,上海市,上海市,中国,31.2838,121.3162,0
3269A,金山新城,上海市,上海市,中国,30.7456,121.3359,0
3270A,闵行浦江,上海市,上海市,中国,31.0739,121.4996,0
3271A,青浦徐泾,上海市,上海市,中国,31.1663,121.2886,0
3272A,松江图书馆,上海市,上海市,中国,31.0378,121.2186,0
3273A,长宁仙霞,上海市,上海市,中国,31.2059,121.3902,0
3274A,浦东惠南,上海市,上海市,中国,31.0507,121.7965,0
3281A,延庆夏都,北京市,北京市,中国,40.4529,115.9718,0
3282A,大同市卫生学校,大同市,山西省,中国,40.0597,113.3397,0
3283A,滨河大厦,包头市,内蒙古自治区,中国,40.5685,109.9154,0
3284A,海北新区,乌海市,内蒙古自治区,中国,39.7274,106.813,0
3285A,北京八中,乌兰察布市,内蒙古自治区,中国,40.9509,113.1376,0
3286A,桥北物流园区,赤峰市,内蒙古自治区,中国,42.3147,118.9359,0
3287A,富润路1号,镇江市,江苏省,中国,32.1976,119.3842,0
3289A,方洲路,苏州市,江苏省,中国,31.3188,120.743,0
3290A,木渎中学,苏州市,江苏省,中国,31.2774,120.5031,0
3291A,通州监测站,南通市,江苏省,中国,32.062,121.067,0
3293A,月亮广场,盐城市,江苏省,中国,33.3367,120.1501,0
3294A,引江管理处,扬州市,江苏省,中国,32.4222,119.5653,0
3295A,姜堰区政府广场,泰州市,江苏省,中国,32.5099,120.1259,0
3298A,从化街口,广州市,广东省,中国,23.5491,113.5717,0
3299A,白云竹料,广州市,广东省,中国,23.3692,113.3472,0
3300A,白云嘉禾,广州市,广东省,中国,23.237,113.2981,0
3301A,黄埔科学城,广州市,广东省,中国,23.1716,113.4256,0
3302A,番禺大学城,广州市,广东省,中国,23.0483,113.3942,0
3303A,南沙黄阁,广州市,广东省,中国,22.8168,113.4922,0
3304A,南沙街,广州市,广东省,中国,22.7896,113.5342,0
3305A,莲花,深圳市,广东省,中国,22.559,114.0731,0
3306A,民治,深圳市,广东省,中国,22.6198,114.0261,0
3307A,横岗,深圳市,广东省,中国,22.6451,114.1871,0
3308A,金湾,珠海市,广东省,中国,22.0569,113.3494,0
3311A,江海富民,江门市,广东省,中国,22.5647,113.1075,0
3313A,高要湖西,肇庆市,广东省,中国,23.0166,112.4575,0
3314A,惠阳秋长,惠州市,广东省,中国,22.8134,114.4338,0
3315A,梅龙,梅州市,广东省,中国,24.2991,116.1233,0
3317A,两阳中学,阳江市,广东省,中国,21.8947,111.9765,0
3318A,清新太和,清远市,广东省,中国,23.7403,112.9903,0
3319A,万江金泰,东莞市,广东省,中国,23.0381,113.7338,0
3320A,曲溪,揭阳市,广东省,中国,23.5699,116.403,0
3323A,青少年活动中心,张家口市,河北省,中国,40.9724,115.2773,0
3324A,河北水利电力学院,沧州市,河北省,中国,38.3004,116.8136,0
3325A,雍阳西道,天津市,天津市,中国,39.3828,117.0365,0
3326A,辛老路,天津市,天津市,中国,39.0605,117.0296,0
3327A,地纬路,天津市,天津市,中国,38.9375,116.9638,0
3328A,市气象局,芜湖市,安徽省,中国,31.3707,118.4209,0
3330A,杜集区检察院,淮北市,安徽省,中国,33.9836,116.8873,0
3331A,图书馆,滁州市,安徽省,中国,32.2634,118.3267,0
3332A,亳州学院,亳州市,安徽省,中国,33.8034,115.7633,0
3333A,第八中学,池州市,安徽省,中国,30.695,117.5627,0
3334A,第十二中学,池州市,安徽省,中国,30.6243,117.5038,0
3335A,马村街道办,焦作市,河南省,中国,35.2641,113.3137,0
3336A,焦作技师学院,焦作市,河南省,中国,35.2373,113.2465,0
3337A,许昌学院,许昌市,河南省,中国,34.0442,113.8614,0
3338A,芙蓉广场,许昌市,河南省,中国,34.0823,113.843,0
3339A,小管楼,驻马店市,河南省,中国,33.0412,114.0012,0
3340A,伊滨,洛阳市,河南省,中国,34.6326,112.6005,0
3341A,中移产业园,洛阳市,河南省,中国,34.6332,112.4951,0
3342A,中心小学,伊春市,黑龙江省,中国,47.4346,128.4741,0
3343A,检察院,伊春市,黑龙江省,中国,47.7369,128.6871,0
3344A,双子河社区,伊春市,黑龙江省,中国,47.8474,128.8431,0
3346A,安康,重庆市,重庆市,中国,31.1628,108.3872,0
3347A,北山路,重庆市,重庆市,中国,29.3569,105.9017,0
3348A,春阳街,重庆市,重庆市,中国,30.1946,105.839,0
3349A,人民东路,重庆市,重庆市,中国,30.6758,107.7983,0
3350A,滩子口,重庆市,重庆市,中国,29.0244,106.6479,0
3351A,棠香,重庆市,重庆市,中国,29.7076,105.7167,0
3352A,桃源西路,重庆市,重庆市,中国,29.8617,107.0732,0
3353A,迎宾大道,重庆市,重庆市,中国,29.7287,107.3535,0
3354A,舟白,重庆市,重庆市,中国,29.5081,108.815,0
3355A,周家坝,重庆市,重庆市,中国,30.8426,108.3679,0
3356A,百安坝,重庆市,重庆市,中国,30.7555,108.4319,0
3357A,金博路,成都市,四川省,中国,30.6931,104.0106,0
3358A,临江路,成都市,四川省,中国,30.6994,103.8458,0
3359A,华阳,成都市,四川省,中国,30.5225,104.0578,0
3360A,南湖救助站,自贡市,四川省,中国,29.3194,104.7894,0
3361A,理工大学,乐山市,四川省,中国,29.5628,103.7311,0
3364A,市环保局,枣庄市,山东省,中国,34.8103,117.3152,0
3366A,中国农业大学,烟台市,山东省,中国,37.4336,121.5206,0
3368A,高新实验学校,潍坊市,山东省,中国,36.6872,119.1977,0
3369A,开发区幼儿园,临沂市,山东省,中国,35.0278,118.3977,0
3370A,十里堡居委,临沂市,山东省,中国,35.0215,118.3564,0
3371A,开发区人民医院,德州市,山东省,中国,37.4403,116.3728,0
3372A,太阳城中学,德州市,山东省,中国,37.4094,116.3572,0
3374A,定陶老年大学,菏泽市,山东省,中国,35.0891,115.5564,0
3375A,青年创业园,昆明市,云南省,中国,24.8336,102.8017,0
3376A,南苑二区,曲靖市,云南省,中国,25.462,103.7947,0
3377A,曲靖师范学院,曲靖市,云南省,中国,25.5261,103.7444,0
3378A,老边实验中学,营口市,辽宁省,中国,40.6771,122.371,0
3379A,鲅鱼圈市民活动中心,营口市,辽宁省,中国,40.2278,122.1139,0
3380A,甘肃民族师范学院,甘南藏族自治州,甘肃省,中国,34.9617,102.8914,0
3396A,襄城隆中路,襄阳市,湖北省,中国,32.0067,112.0828,0
3397A,高新台子湾,襄阳市,湖北省,中国,32.1008,112.1214,0
3398A,市林业局,黄冈市,湖北省,中国,30.4445,114.9136,0
3399A,师范学院,衡阳市,湖南省,中国,26.882,112.6703,0
3400A,龙潭自来水厂,北海市,广西壮族自治区,中国,21.4415,109.1911,0
3401A,红星社区,南宁市,广西壮族自治区,中国,22.7618,108.4834,0
3402A,市二中,柳州市,广西壮族自治区,中国,24.3996,109.5422,0
3403A,创业大厦,桂林市,广西壮族自治区,中国,25.2381,110.1764,0
3404A,北职校,钦州市,广西壮族自治区,中国,21.9633,108.5959,0
3405A,新世纪学校,贵港市,广西壮族自治区,中国,23.1172,109.5886,0
3406A,祈福高中,百色市,广西壮族自治区,中国,23.8798,106.6085,0
3407A,秀洲住建,嘉兴市,浙江省,中国,30.7739,120.6916,0
3408A,绍兴中专,绍兴市,浙江省,中国,29.9361,120.5683,0
3409A,柯桥区政府,绍兴市,浙江省,中国,30.0861,120.4906,0
3410A,重华小学,绍兴市,浙江省,中国,30.0249,120.8752,0
3411A,上虞中学,绍兴市,浙江省,中国,30.0137,120.8369,0
3414A,桑海产业园,南昌市,江西省,中国,28.932,115.8347,0
3415A,万载县环保局,宜春市,江西省,中国,28.0828,114.4519,0
3416A,潍坊学院,潍坊市,山东省,中国,36.7149,119.1755,0
3417A,平谷新城,北京市,北京市,中国,40.1465,117.0709,0
3418A,密云新城,北京市,北京市,中国,40.4095,116.8336,0
3419A,包头市委党校,包头市,内蒙古自治区,中国,40.6261,109.9447,0
3421A,市委党校,乌兰察布市,内蒙古自治区,中国,40.9779,113.1775,0
3425A,越秀幼儿园,苏州市,江苏省,中国,31.1733,120.624,0
3426A,新华书店,淮安市,江苏省,中国,33.2894,118.8755,0
3428A,华庄,无锡市,江苏省,中国,31.4753,120.3142,0
3429A,武进经发区,常州市,江苏省,中国,31.7066,119.8598,0
3430A,金坛城区,常州市,江苏省,中国,31.7245,119.5826,0
3431A,高铁新城,苏州市,江苏省,中国,31.416,120.6505,0
3432A,环境教育馆,南通市,江苏省,中国,31.9883,120.9348,0
3434A,工贸学校,连云港市,江苏省,中国,34.6539,119.2413,0
3435A,周山河街区,泰州市,江苏省,中国,32.4322,119.9192,0
3436A,大丰高级中学,盐城市,江苏省,中国,33.205,120.4279,0
3437A,达坂城区环保局,新疆维吾尔自治区,新疆维吾尔自治区,中国,43.3658,88.3118,0
3438A,红光山片区,新疆维吾尔自治区,新疆维吾尔自治区,中国,43.8801,87.6162,0
3439A,新师大温泉校区,新疆维吾尔自治区,新疆维吾尔自治区,中国,43.8004,87.7024,0
3440A,大绿谷,新疆维吾尔自治区,新疆维吾尔自治区,中国,43.8411,87.4921,0
3441A,经开区管委会,新疆维吾尔自治区,新疆维吾尔自治区,中国,44.1912,87.546,0
3442A,南区管委会,新疆维吾尔自治区,新疆维吾尔自治区,中国,44.2331,86.047,0
3443A,花都梯面,广州市,广东省,中国,23.5544,113.2902,0
3444A,潮南峡山,汕头市,广东省,中国,23.2684,116.454,0
3445A,从化良口,广州市,广东省,中国,23.7478,113.7858,0
3446A,增城荔城,广州市,广东省,中国,23.2614,113.8051,0
3447A,坪山,深圳市,广东省,中国,22.7151,114.3551,0
3448A,横琴,珠海市,广东省,中国,22.1163,113.5433,0
3449A,新会银湖,江门市,广东省,中国,22.4667,113.05,0
3450A,电白水东,茂名市,广东省,中国,21.5165,111.01,0
3451A,鼎湖凤凰,肇庆市,广东省,中国,23.2083,112.5617,0
3452A,大亚湾霞涌,惠州市,广东省,中国,22.775,114.6517,0
3453A,阳东陶然,阳江市,广东省,中国,21.8749,112.0125,0
3454A,中山南区,中山市,广东省,中国,22.478,113.3528,0
3455A,清城东城,清远市,广东省,中国,23.7198,113.076,0
3457A,冀东油田职工医院,唐山市,河北省,中国,39.2762,118.4359,0
3458A,香泉濮院小区,邯郸市,河北省,中国,36.5593,114.7895,0
3459A,地表水厂,衡水市,河北省,中国,37.5491,115.5989,0
3460A,北环路,天津市,天津市,中国,40.0583,117.4067,0
3461A,建设路,天津市,天津市,中国,39.7169,117.3045,0
3462A,滨水东路,天津市,天津市,中国,39.3521,117.8199,0
3463A,社会福利中心,宿州市,安徽省,中国,33.591,116.9708,0
3464A,高教基地,合肥市,安徽省,中国,31.9147,117.3803,0
3465A,清苑社区,芜湖市,安徽省,中国,31.3225,118.4781,0
3466A,扬子职业技术学院,芜湖市,安徽省,中国,31.2326,118.2746,0
3468A,市规划展馆,阜阳市,安徽省,中国,32.8613,115.7901,0
3469A,枣园社区,阜阳市,安徽省,中国,32.9183,115.836,0
3470A,夏渡子站,宣城市,安徽省,中国,30.9141,118.7724,0
3471A,惠济区政府,郑州市,河南省,中国,34.86783,113.616563,0
3473A,技师学院,开封市,河南省,中国,34.8306,114.2485,0
3474A,大新区,鹤壁市,河南省,中国,35.6822,114.2617,0
3475A,市政府,新乡市,河南省,中国,35.3045,113.9188,0
3476A,河师大,新乡市,河南省,中国,35.3327,113.9135,0
3477A,中站许衡医院,焦作市,河南省,中国,35.2539,113.1656,0
3478A,市图书馆,漯河市,河南省,中国,33.5664,113.9749,0
3479A,召陵区卫健委,漯河市,河南省,中国,33.5906,114.0967,0
3480A,美溪镇,伊春市,黑龙江省,中国,47.6417,129.1368,0
3481A,萨区政府监测点,大庆市,黑龙江省,中国,46.634,125.141,0
3482A,芙蓉中路,重庆市,重庆市,中国,29.3277,107.7541,0
3483A,西山,重庆市,重庆市,中国,29.5368,108.7661,0
3484A,行政中心,重庆市,重庆市,中国,29.32,106.2628,0
3485A,高寺路,重庆市,重庆市,中国,29.1608,107.0944,0
3487A,车城东七路,成都市,四川省,中国,30.5319,104.2394,0
3488A,青白江技师分院,成都市,四川省,中国,30.7453,104.3853,0
3489A,科学城,成都市,四川省,中国,30.4072,104.0789,0
3490A,纳溪区环保局,泸州市,四川省,中国,28.7703,105.3617,0
3491A,西科大附属小学,绵阳市,四川省,中国,31.5322,104.69,0
3492A,安州区旅游局,绵阳市,四川省,中国,31.5343,104.5648,0
3496A,南坊新区,临沂市,山东省,中国,35.1084,118.3604,0
3500A,北湖一中,济宁市,山东省,中国,35.3707,116.5814,0
3501A,服务中心,济宁市,山东省,中国,35.5593,116.8249,0
3505A,临港区管委会,威海市,山东省,中国,37.3414,122.1379,0
3507A,职业技术学院,日照市,山东省,中国,35.4625,119.5328,0
3511A,陵城艺术中心,德州市,山东省,中国,37.3319,116.5652,0
3512A,华润纺织,聊城市,山东省,中国,36.4674,116.049,0
3513A,九州社区,聊城市,山东省,中国,36.4361,116.0445,0
3514A,中海酒店,滨州市,山东省,中国,37.3956,117.9378,0
3515A,开发区一中,滨州市,山东省,中国,37.3553,117.9378,0
3516A,金海六路,滨州市,山东省,中国,37.694,118.0917,0
3520A,妇女儿童医院,石嘴山市,宁夏回族自治区,中国,38.9836,106.3495,0
3521A,石大公路,石嘴山市,宁夏回族自治区,中国,39.2069,106.7492,0
3522A,原州区十五小,固原市,宁夏回族自治区,中国,35.9959,106.2177,0
3523A,滨河新区,银川市,宁夏回族自治区,中国,38.3856,106.5105,0
3524A,文体局,西安市,陕西省,中国,34.1164,108.6116,0
3525A,奥体中心,咸阳市,陕西省,中国,34.4078,108.6396,0
3526A,吴航,福州市,福建省,中国,25.9664,119.5189,0
3527A,集美中学,厦门市,福建省,中国,24.5688,118.0958,0
3528A,同安二实小,厦门市,福建省,中国,24.7245,118.1493,0
3529A,城华南路,泉州市,福建省,中国,24.9264,118.6333,0
3530A,西洋坪路,漳州市,福建省,中国,24.5314,117.6296,0
3531A,旅游学院,桂林市,广西壮族自治区,中国,25.1253,110.296,0
3532A,玉林师范学院东校区,玉林市,广西壮族自治区,中国,22.6831,110.1945,0
3533A,福绵环保局,玉林市,广西壮族自治区,中国,22.5893,110.0527,0
3534A,西湾,贺州市,广西壮族自治区,中国,24.4553,111.4744,0
3535A,兴宾区政府,来宾市,广西壮族自治区,中国,23.7297,109.1781,0
3536A,第十二小学,遵义市,贵州省,中国,27.5919,106.8547,0
3537A,长征村,毕节市,贵州省,中国,27.3533,105.3631,0
3538A,沙坝,黔南布依族苗族自治州,贵州省,中国,26.2978,107.5175,0
3539A,桂林洋子站,海口市,海南省,中国,19.9736,110.5111,0
3540A,君悦子站,三亚市,海南省,中国,18.3443,109.7348,0
3541A,第一中学子站,儋州市,海南省,中国,19.5167,109.5726,0
3542A,东坡学校子站,儋州市,海南省,中国,19.5187,109.5567,0
3543A,永兴岛子站,三沙市,海南省,中国,16.8396,112.3466,0
3544A,奉贤南桥新城,上海市,上海市,中国,30.925,121.4891,0
3545A,郧阳区金沙路,十堰市,湖北省,中国,32.8401,110.8054,0
3546A,猇亭区张家湾站,宜昌市,湖北省,中国,30.552,111.4606,0
3547A,龙泉中学南校,荆门市,湖北省,中国,31.0138,112.1632,0
3548A,学苑路,荆州市,湖北省,中国,30.3364,112.1655,0
3549A,龙凤新区,恩施土家族苗族自治州,湖北省,中国,30.3772,109.5061,0
3550A,昆明学院,昆明市,云南省,中国,24.9786,102.7997,0
3551A,晋宁区生态环境分局,昆明市,云南省,中国,24.6736,102.5967,0
3552A,云天化总部,昆明市,云南省,中国,24.9856,102.6678,0
3557A,镇二中,杭州市,浙江省,中国,30.0494,119.9464,0
3558A,市府大楼,杭州市,浙江省,中国,30.2367,119.7183,0
3560A,柯桥妇保,绍兴市,浙江省,中国,30.0415,120.4722,0
3561A,茶山,温州市,浙江省,中国,27.9251,120.6985,0
3562A,南浔区站,湖州市,浙江省,中国,30.8538,120.4148,0
3564A,台州科技职业学院,台州市,浙江省,中国,28.6681,121.2568,0
3565A,云冈站,大同市,山西省,中国,40.1122,113.1367,0
3566A,图书馆,大同市,山西省,中国,40.2556,113.1186,0
3567A,区一中,大同市,山西省,中国,40.0461,113.5931,0
3568A,向阳小学,长治市,山西省,中国,36.0464,113.06,0
3569A,屯留一中,长治市,山西省,中国,36.3144,112.8792,0
3570A,潞城四中,长治市,山西省,中国,36.3489,113.235,0
3571A,一水厂,朔州市,山西省,中国,39.53,112.2931,0
3575A,正泰大街热力站,唐山市,河北省,中国,39.58089,118.09279,0
3576A,丰润区政府,唐山市,河北省,中国,39.8322,118.1562,0
3577A,金山小学,唐山市,河北省,中国,39.73809,118.43673,0
3578A,政府服务中心,唐山市,河北省,中国,39.66941,118.24498,0
3579A,永年区实验高中,邯郸市,河北省,中国,36.77178,114.50634,0
3580A,峰峰矿区临水派出所,邯郸市,河北省,中国,36.44293,114.20016,0
3581A,满城区生态环境分局,保定市,河北省,中国,38.95208,115.31981,0
3582A,清苑区第二中学,保定市,河北省,中国,38.76408,115.47694,0
3583A,徐水物探局,保定市,河北省,中国,39.02311,115.62909,0
3584A,容城县环境保护局,保定市,河北省,中国,39.0341,115.8844,0
3585A,河北容城中学,保定市,河北省,中国,39.0645,115.8665,0
3586A,安新县民政局,保定市,河北省,中国,38.9405,115.923,0
3587A,安新县电力局,保定市,河北省,中国,38.9338,115.9324,0
3588A,雄县环境保护局,保定市,河北省,中国,38.9816,116.0901,0
3589A,雄县国土资源局,保定市,河北省,中国,39.0046,116.1105,0
3590A,北区建设指挥部,郑州市,河南省,中国,34.5589,113.8374,0
3591A,上街区政府,郑州市,河南省,中国,34.803229,113.30952,0
3592A,祥符区生态环境局,开封市,河南省,中国,34.7556,114.4644,0
3593A,吉利监测站,洛阳市,河南省,中国,34.8993,112.5736,0
3594A,石龙区,平顶山市,河南省,中国,33.9116,112.8867,0
3596A,南山宾馆,鹤壁市,河南省,中国,35.9603,114.1572,0
3597A,建安区兴业大厦,许昌市,河南省,中国,34.1251,113.8134,0
3598A,富达温泉假日酒店,三门峡市,河南省,中国,34.7167,111.1,0
3599A,书院路,重庆市,重庆市,中国,29.9851,106.2649,0
3600A,虎峰,重庆市,重庆市,中国,29.5559,106.2339,0
3601A,龙门街,重庆市,重庆市,中国,29.8342,106.0499,0
3604A,岚山环保分局,日照市,山东省,中国,35.1044,119.3266,0
3605A,无线电监控中心,西安市,陕西省,中国,34.5236,109.09,0
3606A,北杜,咸阳市,陕西省,中国,34.46,108.7108,0
3607A,同德佳苑,咸阳市,陕西省,中国,34.2956,108.7096,0
3608A,崇文塔,咸阳市,陕西省,中国,34.4978,108.8558,0
3610A,昌元,重庆市,重庆市,中国,29.4105,105.5933,0
3612A,白碱滩区新站,新疆维吾尔自治区,新疆维吾尔自治区,中国,45.6899,85.1045,0
3613A,亚心广场,新疆维吾尔自治区,新疆维吾尔自治区,中国,44.0142,87.3095,0
3616A,市中心医院,巴中市,四川省,中国,31.8344,106.7616,0
3617A,经开区,广元市,四川省,中国,32.4166,105.8047,0
3618A,金胜,太原市,山西省,中国,37.782,112.4701,0
3619A,龙柱,阳泉市,山西省,中国,37.8571,113.617,0
3620A,泽州一中,晋城市,山西省,中国,35.4828,112.8271,0
3621A,聚英学校,乌海市,内蒙古自治区,中国,39.6778,106.8288,0
3622A,碧湖山庄,韶关市,广东省,中国,24.8082,113.5556,0
3623A,西乡,深圳市,广东省,中国,22.5861,113.8953,0
3624A,潮南子站,汕头市,广东省,中国,23.2533,116.4069,0
3625A,容桂街道办,佛山市,广东省,中国,22.7642,113.2544,0
3626A,南城元岭,东莞市,广东省,中国,23.0202,113.7533,0
3627A,东城主山,东莞市,广东省,中国,23.0457,113.7875,0
3628A,文笔,云浮市,广东省,中国,22.9374,112.0336,0
3629A,世纪职校,西宁市,青海省,中国,36.5786,101.8305,0
3630A,师大城西校区,西宁市,青海省,中国,36.6397,101.7413,0
3633A,雨山,马鞍山市,安徽省,中国,31.6809,118.4918,0
3634A,宿州学院,宿州市,安徽省,中国,33.6305,116.9884,0
3635A,河科大西苑校区,洛阳市,河南省,中国,34.662,112.3677,0
3636A,英才小学,洛阳市,河南省,中国,34.6781,112.4388,0
3638A,轻化工大学,自贡市,四川省,中国,29.3338,104.7636,0
3639A,市教育局,德阳市,四川省,中国,31.1244,104.4019,0
3647A,菏泽医专,菏泽市,山东省,中国,35.2706,115.4702,0
3648A,文卫南街,吴忠市,宁夏回族自治区,中国,37.9768,106.2112,0
3650A,沙坡头区政府站,中卫市,宁夏回族自治区,中国,37.5162,105.1698,0
3651A,旺旺集团,铜川市,陕西省,中国,34.8732,108.9543,0
3652A,西北局旧址,延安市,陕西省,中国,36.5786,109.4809,0
3653A,云深路,宜昌市,湖北省,中国,30.7273,111.3119,0
3654A,精准医疗中心,鄂州市,湖北省,中国,30.4089,114.8094,0
3655A,长江产业园,咸宁市,湖北省,中国,29.8683,114.3375,0
3656A,消防大队,杭州市,浙江省,中国,30.2864,120.1556,0
3658A,袍江中学,绍兴市,浙江省,中国,30.0764,120.6153,0
3659A,气象局,金华市,浙江省,中国,29.1131,119.656,0
3661A,坝陵桥,太原市,山西省,中国,37.8875,112.5667,0
3664A,连云街道,连云港市,江苏省,中国,34.7341,119.4172,0
3665A,克州文化中心,新疆维吾尔自治区,新疆维吾尔自治区,中国,39.7157,76.1658,0
3669A,左辅环卫站,安阳市,河南省,中国,36.0637,114.4705,0
3671A,门头沟三家店,北京市,北京市,中国,39.9726,116.088,0
3672A,丰台云岗,北京市,北京市,中国,39.8204,116.1541,0
3673A,通州东关,北京市,北京市,中国,39.9081,116.6804,0
3674A,房山燕山,北京市,北京市,中国,39.7603,115.9577,0
3675A,大兴旧宫,北京市,北京市,中国,39.7733,116.4672,0
3689A,行政服务中心,新乡市,河南省,中国,35.372,113.9003,0
3694A,延庆石河营,北京市,北京市,中国,40.4563,115.986,0
3695A,怀柔新城,北京市,北京市,中国,40.3053,116.6151,0
3696A,丰台小屯,北京市,北京市,中国,39.8768,116.2545,0
3697A,密云镇,北京市,北京市,中国,40.3844,116.84,0
3860A,皇山花园小区,临沂市,山东省,中国,35.03,118.392,0
3861A,寒亭区实验一小,潍坊市,山东省,中国,36.7699,119.2041,0
3866A,三高中,营口市,辽宁省,中国,40.66302,122.2469,0
3867A,平安区公安北苑,海东市,青海省,中国,36.5056,102.0738,0
